timeseries_id,latitude,longitude,pressure,fr_temp,fr_temp_ADC,sr_temp,sr_temp_ADC,temp_ref,par,fluor,tilt,time
,degrees_north,degrees_east,Bar,degree_C,,degree_C,,,umole m^-2 s^-1,ug/L,,UTC
3020,59.6893,-176.7054,0.00518798828125,21.317265547237128,10129,21.60484334771604,10758,8532,0.0,0.0,83.0,2020-08-01T00:00:00Z
3020,59.6893,-176.7054,0.00518798828125,21.30839574789053,10133,21.573084586931373,10773,8532,0.0,0.0,79.0,2020-08-01T01:00:00Z
3020,59.6893,-176.7054,0.0054931640625,21.346119768268295,10116,21.634530077784802,10744,8532,0.0,0.0,78.0,2020-08-01T02:00:00Z
3020,59.6893,-176.7054,0.0048828125,21.435165629228322,10076,21.762256379523194,10684,8532,0.0,0.0,83.0,2020-08-01T03:00:00Z
3020,59.6893,-176.7054,0.00518798828125,21.479838563054216,10056,21.852148496972177,10642,8532,0.0,0.0,85.0,2020-08-01T04:00:00Z
3020,59.6893,-176.7054,0.0048828125,21.46642614249879,10062,21.877905683854863,10630,8532,0.0,0.0,85.0,2020-08-01T05:00:00Z
3020,59.6893,-176.7054,0.0048828125,21.39949940592072,10092,21.839282220624966,10648,8532,0.0,0.0,78.0,2020-08-01T06:00:00Z
3020,59.6893,-176.7054,0.00457763671875,21.206676675493213,10179,21.655761685264793,10734,8532,0.0,0.0,77.0,2020-08-01T07:00:00Z
3020,59.6893,-176.7054,0.00457763671875,20.98514856955586,10280,21.42973614384448,10841,8532,0.0,0.0,74.0,2020-08-01T08:00:00Z
3020,59.6893,-176.7054,0.00457763671875,20.89809392998569,10320,21.312445950574897,10897,8532,0.0,0.0,77.0,2020-08-01T09:00:00Z
3020,59.6893,-176.7054,0.00518798828125,20.88940945031686,10324,21.322890544618247,10892,8532,0.0,0.0,82.0,2020-08-01T10:00:00Z
3020,59.6893,-176.7054,0.00457763671875,20.906782215483076,10316,21.35634971928181,10876,8532,0.0,0.0,86.0,2020-08-01T11:00:00Z
3020,59.6893,-176.7054,0.0042724609375,20.79845139957405,10366,21.306181795322004,10900,8532,0.0,0.0,83.0,2020-08-01T12:00:00Z
3020,59.6893,-176.7054,0.0042724609375,20.562188527990486,10476,21.086091285579926,11006,8532,0.0,0.0,79.0,2020-08-01T13:00:00Z
3020,59.6893,-176.7054,0.0042724609375,20.343488752170515,10579,20.85000855859846,11121,8532,0.0,0.0,82.0,2020-08-01T14:00:00Z
3020,59.6893,-176.7054,0.00396728515625,20.13971788940671,10676,20.624740914650147,11232,8532,0.0,0.0,80.0,2020-08-01T15:00:00Z
3020,59.6893,-176.7054,0.00396728515625,19.89463406957708,10794,20.403972147653633,11342,8532,0.0,0.0,72.0,2020-08-01T16:00:00Z
3020,59.6893,-176.7054,0.00335693359375,20.05629713510376,10716,20.35214404958316,11368,8533,0.0,0.0,69.0,2020-08-01T17:00:00Z
3020,59.6893,-176.7054,0.00335693359375,20.37518815791293,10564,20.620705152949768,11234,8532,0.0,0.0,68.0,2020-08-01T18:00:00Z
3020,59.6893,-176.7054,0.0042724609375,20.81790729893379,10357,20.974889398419464,11060,8532,0.0,0.0,72.0,2020-08-01T19:00:00Z
3020,59.6893,-176.7054,0.003662109375,21.33501703234242,10121,21.368911264123597,10870,8532,0.0,0.0,84.0,2020-08-01T20:00:00Z
3020,59.6893,-176.7054,0.00335693359375,21.634734884321233,9987,21.668511391246568,10728,8532,0.0,0.0,79.0,2020-08-01T21:00:00Z
3020,59.6893,-176.7054,0.0030517578125,21.884190551437428,9877,21.895095421177643,10622,8532,0.0,0.0,78.0,2020-08-01T22:00:00Z
3020,59.6893,-176.7054,0.00335693359375,22.016989942556734,9819,22.067802521270607,10542,8532,0.0,0.0,83.0,2020-08-01T23:00:00Z
3020,59.6893,-176.7054,0.0030517578125,22.109093654736057,9779,22.19830870723183,10482,8532,0.0,0.0,83.0,2020-08-02T00:00:00Z
3020,59.6893,-176.7054,0.0030517578125,22.16687510423833,9754,22.281400506130637,10444,8532,0.0,0.0,81.0,2020-08-02T01:00:00Z
3020,59.6893,-176.7054,0.0030517578125,22.36225474681595,9670,22.40668168422542,10387,8532,0.0,0.0,77.0,2020-08-02T02:00:00Z
3020,59.6893,-176.7054,0.00274658203125,22.58791007219247,9574,22.603859897434916,10298,8532,0.0,0.0,83.0,2020-08-02T03:00:00Z
3020,59.6893,-176.7054,0.00274658203125,22.751686576385055,9505,22.8254710471748,10199,8532,0.0,0.0,78.0,2020-08-02T04:00:00Z
3020,59.6893,-176.7054,0.0030517578125,22.88080045273307,9451,22.970034260545276,10135,8532,0.0,0.0,77.0,2020-08-02T05:00:00Z
3020,59.6893,-176.7054,0.00213623046875,23.04458059546357,9383,23.133907857674046,10063,8532,0.0,0.0,81.0,2020-08-02T06:00:00Z
3020,59.6893,-176.7054,0.00244140625,23.131832291154012,9347,23.255387245797976,10010,8532,0.0,0.0,76.0,2020-08-02T07:00:00Z
3020,59.6893,-176.7054,0.00244140625,23.21458649230823,9313,23.366036170172208,9962,8532,0.0,0.0,80.0,2020-08-02T08:00:00Z
3020,59.6893,-176.7054,0.00244140625,23.30748196558602,9275,23.477290177276927,9914,8532,0.0,0.0,75.0,2020-08-02T09:00:00Z
3020,59.6893,-176.7054,0.00244140625,23.38112520790338,9245,23.584482210369003,9868,8532,0.0,0.0,78.0,2020-08-02T10:00:00Z
3020,59.6893,-176.7054,0.00274658203125,23.442701433756383,9220,23.664075277991117,9834,8532,0.0,0.0,79.0,2020-08-02T11:00:00Z
3020,59.6893,-176.7054,0.00244140625,23.4402347590443,9221,23.727503764765174,9807,8532,0.0,0.0,75.0,2020-08-02T12:00:00Z
3020,59.6893,-176.7054,0.00244140625,23.305031834429315,9276,23.751045978446257,9797,8532,0.0,0.0,77.0,2020-08-02T13:00:00Z
3020,59.6893,-176.7054,0.00244140625,22.957706818135023,9419,23.66876692036635,9832,8532,0.0,0.0,81.0,2020-08-02T14:00:00Z
3020,59.6893,-176.7054,0.0018310546875,22.868810446845885,9456,23.523826089110344,9894,8532,0.0,0.0,78.0,2020-08-02T15:00:00Z
3020,59.6893,-176.7054,0.00213623046875,22.88319931503719,9450,23.43317938020499,9933,8532,0.0,0.0,77.0,2020-08-02T16:00:00Z
3020,59.6893,-176.7054,0.00244140625,22.92162021457125,9434,23.40073775455943,9947,8532,0.0,0.0,79.0,2020-08-02T17:00:00Z
3020,59.6893,-176.7054,0.00244140625,23.022826842428913,9392,23.42622324825055,9936,8532,0.0,0.0,78.0,2020-08-02T18:00:00Z
3020,59.6893,-176.7054,0.00213623046875,23.03732672243342,9386,23.47961444823426,9913,8532,0.0,0.0,79.0,2020-08-02T19:00:00Z
3020,59.6893,-176.7054,0.00274658203125,22.957706818135023,9419,23.4982181753457,9905,8532,0.0,0.0,77.0,2020-08-02T20:00:00Z
3020,59.6893,-176.7054,0.00244140625,22.68744044096087,9532,23.407685178953955,9944,8532,0.0,0.0,82.0,2020-08-02T21:00:00Z
3020,59.6893,-176.7054,0.00274658203125,22.62813656247107,9557,23.27148610042292,10003,8532,0.0,0.0,84.0,2020-08-02T22:00:00Z
3020,59.6893,-176.7054,0.00335693359375,22.58791007219247,9574,23.175083641274853,10045,8532,0.0,0.0,78.0,2020-08-02T23:00:00Z
3020,59.6893,-176.7054,0.00335693359375,22.668444075721084,9540,23.122484931628662,10068,8532,0.0,0.0,80.0,2020-08-03T00:00:00Z
3020,59.6893,-176.7054,0.00335693359375,22.79224385221744,9488,23.163637552442196,10050,8532,0.0,0.0,74.0,2020-08-03T01:00:00Z
3020,59.6893,-176.7054,0.00335693359375,22.847246499457356,9465,23.230114771463207,10021,8532,0.0,0.0,80.0,2020-08-03T02:00:00Z
3020,59.6893,-176.7054,0.00335693359375,22.8999993962413,9443,23.266885126907994,10005,8532,0.0,0.0,79.0,2020-08-03T03:00:00Z
3020,59.6893,-176.7054,0.003662109375,23.013166076714242,9396,23.326779130183354,9979,8532,0.0,0.0,77.0,2020-08-03T04:00:00Z
3020,59.6893,-176.7054,0.003662109375,23.06877913641148,9373,23.40305329914736,9946,8532,0.0,0.0,77.0,2020-08-03T05:00:00Z
3020,59.6893,-176.7054,0.003662109375,22.82809801070283,9473,23.391478210319974,9951,8532,0.0,0.0,77.0,2020-08-03T06:00:00Z
3020,59.6893,-176.7054,0.00335693359375,22.91200808243667,9438,23.317553179648257,9983,8532,0.0,0.0,74.0,2020-08-03T07:00:00Z
3020,59.6893,-176.7054,0.003662109375,22.964931940723034,9416,23.317553179648257,9983,8532,0.0,0.0,77.0,2020-08-03T08:00:00Z
3020,59.6893,-176.7054,0.00396728515625,23.056676216760025,9378,23.375284140510246,9958,8532,0.0,0.0,75.0,2020-08-03T09:00:00Z
3020,59.6893,-176.7054,0.003662109375,23.129403502244088,9348,23.458705557379062,9922,8532,0.0,0.0,83.0,2020-08-03T10:00:00Z
3020,59.6893,-176.7054,0.00335693359375,23.19508419788741,9321,23.53081565884372,9891,8532,0.0,0.0,81.0,2020-08-03T11:00:00Z
3020,59.6893,-176.7054,0.003662109375,23.24387550241437,9301,23.58915555698252,9866,8532,0.0,0.0,77.0,2020-08-03T12:00:00Z
3020,59.6893,-176.7054,0.00335693359375,23.312383124721407,9273,23.640633256273304,9844,8532,0.0,0.0,79.0,2020-08-03T13:00:00Z
3020,59.6893,-176.7054,0.003662109375,23.324641257243513,9268,23.703988709771522,9817,8532,0.0,0.0,79.0,2020-08-03T14:00:00Z
3020,59.6893,-176.7054,0.00396728515625,23.273207299549767,9289,23.711040378133646,9814,8532,0.0,0.0,81.0,2020-08-03T15:00:00Z
3020,59.6893,-176.7054,0.00396728515625,23.197520948785495,9320,23.67580640990269,9829,8532,0.0,0.0,77.0,2020-08-03T16:00:00Z
3020,59.6893,-176.7054,0.003662109375,23.134261374074526,9346,23.612538386629183,9856,8532,0.0,0.0,82.0,2020-08-03T17:00:00Z
3020,59.6893,-176.7054,0.00396728515625,23.0469991362541,9382,23.51683891786797,9897,8532,0.0,0.0,80.0,2020-08-03T18:00:00Z
3020,59.6893,-176.7054,0.00396728515625,22.964931940723034,9416,23.41695210267926,9940,8532,0.0,0.0,75.0,2020-08-03T19:00:00Z
3020,59.6893,-176.7054,0.0042724609375,22.866413306340405,9457,23.319859274984935,9982,8532,0.0,0.0,79.0,2020-08-03T20:00:00Z
3020,59.6893,-176.7054,0.00396728515625,22.5997330003633,9569,23.21404862961589,10028,8532,0.0,0.0,77.0,2020-08-03T21:00:00Z
3020,59.6893,-176.7054,0.0042724609375,22.538329929701945,9595,23.047254273997396,10101,8532,0.0,0.0,79.0,2020-08-03T22:00:00Z
3020,59.6893,-176.7054,0.00457763671875,22.477114777552913,9621,22.89988284667362,10166,8532,0.0,0.0,80.0,2020-08-03T23:00:00Z
3020,59.6893,-176.7054,0.0042724609375,22.39500460504962,9656,22.778259798665317,10220,8532,0.0,0.0,82.0,2020-08-04T00:00:00Z
3020,59.6893,-176.7054,0.0042724609375,22.378622967464423,9663,22.70205479823818,10254,8532,0.0,0.0,80.0,2020-08-04T01:00:00Z
3020,59.6893,-176.7054,0.0042724609375,22.29924548318968,9697,22.635052152959133,10284,8532,0.0,0.0,78.0,2020-08-04T02:00:00Z
3020,59.6893,-176.7054,0.0048828125,22.10678587268484,9780,22.530524745898106,10331,8532,0.0,0.0,82.0,2020-08-04T03:00:00Z
3020,59.6893,-176.7054,0.00457763671875,21.973389208961237,9838,22.38905150058929,10395,8532,0.0,0.0,75.0,2020-08-04T04:00:00Z
3020,59.6893,-176.7054,0.0048828125,21.795389297810345,9916,22.255124089482592,10456,8532,0.0,0.0,81.0,2020-08-04T05:00:00Z
3020,59.6893,-176.7054,0.00518798828125,21.578473629268444,10012,22.091665651714834,10531,8532,0.0,0.0,82.0,2020-08-04T06:00:00Z
3020,59.6893,-176.7054,0.00518798828125,21.46642614249879,10062,21.899395143809613,10620,8532,0.0,0.0,78.0,2020-08-04T07:00:00Z
3020,59.6893,-176.7054,0.0054931640625,21.435165629228322,10076,21.792175939069807,10670,8532,0.0,0.0,79.0,2020-08-04T08:00:00Z
3020,59.6893,-176.7054,0.00579833984375,21.136221605927005,10211,21.65151357447155,10736,8532,0.0,0.0,76.0,2020-08-04T09:00:00Z
3020,59.6893,-176.7054,0.006103515625,20.93939723570901,10301,21.444445582995627,10834,8532,0.0,0.0,80.0,2020-08-04T10:00:00Z
3020,59.6893,-176.7054,0.00640869140625,20.850376304461747,10342,21.243647274907744,10930,8532,0.0,0.0,81.0,2020-08-04T11:00:00Z
3020,59.6893,-176.7054,0.006103515625,20.79629081168622,10367,21.077832971338694,11010,8532,0.0,0.0,80.0,2020-08-04T12:00:00Z
3020,59.6893,-176.7054,0.0054931640625,20.710059941359873,10407,20.95436383435424,11070,8532,0.0,0.0,81.0,2020-08-04T13:00:00Z
3020,59.6893,-176.7054,0.006103515625,20.637057731689538,10441,20.85409072009338,11119,8532,0.0,0.0,80.0,2020-08-04T14:00:00Z
3020,59.6893,-176.7054,0.00640869140625,20.56005356382292,10477,20.754316014127937,11168,8532,0.0,0.0,81.0,2020-08-04T15:00:00Z
3020,59.6893,-176.7054,0.00640869140625,20.51953294885385,10496,20.671210654512777,11209,8532,0.0,0.0,79.0,2020-08-04T16:00:00Z
3020,59.6893,-176.7054,0.00640869140625,20.47271778645245,10518,20.602554272357963,11243,8532,0.0,0.0,80.0,2020-08-04T17:00:00Z
3020,59.6893,-176.7054,0.00640869140625,20.358275482567535,10572,20.504020138827684,11292,8532,0.0,0.0,80.0,2020-08-04T18:00:00Z
3020,59.6893,-176.7054,0.00640869140625,20.25079606129549,10623,20.39000522640316,11349,8532,0.0,0.0,80.0,2020-08-04T19:00:00Z
3020,59.6893,-176.7054,0.00640869140625,20.345600465122402,10578,20.34816282444774,11370,8532,0.0,0.0,81.0,2020-08-04T20:00:00Z
3020,59.6893,-176.7054,0.00640869140625,20.428133710277564,10539,20.372062059678967,11358,8532,0.0,0.0,80.0,2020-08-04T21:00:00Z
3020,59.6893,-176.7054,0.00640869140625,20.53231997020174,10490,20.435933165978042,11326,8532,0.0,0.0,78.0,2020-08-04T22:00:00Z
3020,59.6893,-176.7054,0.006103515625,20.675672432470492,10423,20.544179655283585,11272,8532,0.0,0.0,79.0,2020-08-04T23:00:00Z
3020,59.6893,-176.7054,0.00579833984375,20.895922453395315,10321,20.717788327218216,11186,8532,0.0,0.0,79.0,2020-08-05T00:00:00Z
3020,59.6893,-176.7054,0.0054931640625,21.178024144902224,10192,20.97078260724078,11062,8532,0.0,0.0,78.0,2020-08-05T01:00:00Z
3020,59.6893,-176.7054,0.00518798828125,21.448556974941425,10070,21.22284555874552,10940,8532,0.0,0.0,78.0,2020-08-05T02:00:00Z
3020,59.6893,-176.7054,0.00518798828125,21.68437667681542,9965,21.444445582995627,10834,8532,0.0,0.0,78.0,2020-08-05T03:00:00Z
3020,59.6893,-176.7054,0.00457763671875,21.87050303760526,9883,21.626043692344183,10748,8532,0.0,0.0,79.0,2020-08-05T04:00:00Z
3020,59.6893,-176.7054,0.0048828125,22.014692789253616,9820,21.772936843051923,10679,8532,0.0,0.0,77.0,2020-08-05T05:00:00Z
3020,59.6893,-176.7054,0.0042724609375,22.109093654736057,9779,21.88220174594221,10628,8532,0.0,0.0,80.0,2020-08-05T06:00:00Z
3020,59.6893,-176.7054,0.00396728515625,22.17150485421513,9752,21.968315541543518,10588,8532,0.0,0.0,79.0,2020-08-05T07:00:00Z
3020,59.6893,-176.7054,0.003662109375,22.199305924158693,9740,22.028814457057194,10560,8532,0.0,0.0,79.0,2020-08-05T08:00:00Z
3020,59.6893,-176.7054,0.00335693359375,22.16224642776973,9756,22.056964953845352,10547,8532,0.0,0.0,80.0,2020-08-05T09:00:00Z
3020,59.6893,-176.7054,0.0030517578125,22.08833321806418,9788,22.04613319693709,10552,8532,0.0,0.0,79.0,2020-08-05T10:00:00Z
3020,59.6893,-176.7054,0.00213623046875,21.998620119796612,9827,22.015835139429328,10566,8532,0.0,0.0,79.0,2020-08-05T11:00:00Z
3020,59.6893,-176.7054,0.0018310546875,21.92302296068118,9860,21.972630887548746,10586,8532,0.0,0.0,78.0,2020-08-05T12:00:00Z
3020,59.6893,-176.7054,0.001220703125,21.852267629498158,9891,21.92736568635769,10607,8532,0.0,0.0,80.0,2020-08-05T13:00:00Z
3020,59.6893,-176.7054,9.1552734375E-4,21.83632532385917,9898,21.912299809533692,10614,8532,0.0,0.0,79.0,2020-08-05T14:00:00Z
3020,59.6893,-176.7054,-3.0517578125E-4,21.845433651011945,9894,21.920907505236073,10610,8532,0.0,0.0,79.0,2020-08-05T15:00:00Z
3020,59.6893,-176.7054,0.0,21.859103952349756,9888,21.93813391449396,10602,8532,0.0,0.0,77.0,2020-08-05T16:00:00Z
3020,59.6893,-176.7054,-3.0517578125E-4,21.881908646272677,9878,21.953219088784977,10595,8532,0.0,0.0,79.0,2020-08-05T17:00:00Z
3020,59.6893,-176.7054,-3.0517578125E-4,21.904739462126315,9868,21.966158214311974,10589,8532,0.0,0.0,79.0,2020-08-05T18:00:00Z
3020,59.6893,-176.7054,-3.0517578125E-4,21.911593809127623,9865,21.970473099273534,10587,8532,0.0,0.0,80.0,2020-08-05T19:00:00Z
3020,59.6893,-176.7054,-3.0517578125E-4,21.911593809127623,9865,21.966158214311974,10589,8532,0.0,0.0,80.0,2020-08-05T20:00:00Z
3020,59.6893,-176.7054,-6.103515625E-4,21.913879115298244,9864,21.961844251158368,10591,8532,0.0,0.0,78.0,2020-08-05T21:00:00Z
3020,59.6893,-176.7054,-6.103515625E-4,21.92302296068118,9860,21.96400111753246,10590,8532,0.0,0.0,78.0,2020-08-05T22:00:00Z
3020,59.6893,-176.7054,-0.00152587890625,21.950479686520396,9848,21.976947155921266,10584,8532,0.0,0.0,77.0,2020-08-05T23:00:00Z
3020,59.6893,-176.7054,-9.1552734375E-4,22.005506820783182,9824,22.020160652030143,10564,8532,0.0,0.0,78.0,2020-08-06T00:00:00Z
3020,59.6893,-176.7054,-0.001220703125,22.06989761215374,9796,22.074307853227936,10539,8532,0.0,0.0,77.0,2020-08-06T01:00:00Z
3020,59.6893,-176.7054,-0.001220703125,22.13449688628208,9768,22.122077722966935,10517,8532,0.0,0.0,77.0,2020-08-06T02:00:00Z
3020,59.6893,-176.7054,-0.001220703125,22.18771743981756,9745,22.15906829661583,10500,8532,0.0,0.0,78.0,2020-08-06T03:00:00Z
3020,59.6893,-176.7054,-6.103515625E-4,22.220182160753154,9731,22.172139972179195,10494,8532,0.0,0.0,77.0,2020-08-06T04:00:00Z
3020,59.6893,-176.7054,-9.1552734375E-4,22.220182160753154,9731,22.167781807740823,10496,8532,0.0,0.0,77.0,2020-08-06T05:00:00Z
3020,59.6893,-176.7054,-6.103515625E-4,22.185400549908934,9746,22.135125490705377,10511,8532,0.0,0.0,77.0,2020-08-06T06:00:00Z
3020,59.6893,-176.7054,-6.103515625E-4,22.157618824338442,9758,22.089495111281337,10532,8532,0.0,0.0,78.0,2020-08-06T07:00:00Z
3020,59.6893,-176.7054,-9.1552734375E-4,22.13449688628208,9768,22.05263155415014,10549,8532,0.0,0.0,79.0,2020-08-06T08:00:00Z
3020,59.6893,-176.7054,-6.103515625E-4,22.11601860258895,9776,22.028814457057194,10560,8532,0.0,0.0,78.0,2020-08-06T09:00:00Z
3020,59.6893,-176.7054,-6.103515625E-4,22.095250964049228,9785,22.009348606863682,10569,8532,0.0,0.0,78.0,2020-08-06T10:00:00Z
3020,59.6893,-176.7054,-3.0517578125E-4,21.932171001915208,9856,21.942442814356923,10600,8532,0.0,0.0,79.0,2020-08-06T11:00:00Z
3020,59.6893,-176.7054,-3.0517578125E-4,21.326139307604763,10125,21.704679403513865,10711,8532,0.0,0.0,79.0,2020-08-06T12:00:00Z
3020,59.6893,-176.7054,-3.0517578125E-4,20.867714880956953,10334,21.202065334303427,10950,8532,0.0,0.0,74.0,2020-08-06T13:00:00Z
3020,59.6893,-176.7054,3.0517578125E-4,20.24449191143475,10626,20.66716552971434,11211,8532,0.0,0.0,77.0,2020-08-06T14:00:00Z
3020,59.6893,-176.7054,3.0517578125E-4,19.756820029827168,10861,20.18363654606287,11453,8532,0.0,0.0,77.0,2020-08-06T15:00:00Z
3020,59.6893,-176.7054,6.103515625E-4,19.31496987686137,11079,19.786855558683328,11656,8532,0.0,0.0,73.0,2020-08-06T16:00:00Z
3020,59.6893,-176.7054,6.103515625E-4,18.91815678477127,11279,19.397809019095575,11859,8532,0.0,0.0,78.0,2020-08-06T17:00:00Z
3020,59.6893,-176.7054,9.1552734375E-4,18.54269619140092,11472,19.027390665462917,12056,8533,0.0,0.0,81.0,2020-08-06T18:00:00Z
3020,59.6893,-176.7054,0.001220703125,18.310923797863097,11593,18.680217647935137,12244,8533,0.0,0.0,82.0,2020-08-06T19:00:00Z
3020,59.6893,-176.7054,0.00152587890625,18.191327820761728,11656,18.42015288591506,12387,8533,0.0,0.0,80.0,2020-08-06T20:00:00Z
3020,59.6893,-176.7054,0.00152587890625,18.051778749634877,11730,18.233135978996586,12491,8533,0.0,0.0,80.0,2020-08-06T21:00:00Z
3020,59.6893,-176.7054,0.00213623046875,17.898299641665687,11812,18.078035173782098,12578,8533,0.0,0.0,83.0,2020-08-06T22:00:00Z
3020,59.6893,-176.7054,0.00213623046875,17.766377764680556,11883,17.941769469909786,12655,8533,0.0,0.0,80.0,2020-08-06T23:00:00Z
3020,59.6893,-176.7054,0.00213623046875,17.672164974434452,11934,17.830974007171108,12718,8533,0.0,0.0,78.0,2020-08-07T00:00:00Z
3020,59.6893,-176.7054,0.00274658203125,17.61695776451569,11964,17.736498671730487,12772,8533,0.0,0.0,74.0,2020-08-07T01:00:00Z
3020,59.6893,-176.7054,0.00244140625,17.594918623574358,11976,17.675505276216768,12807,8533,0.0,0.0,82.0,2020-08-07T02:00:00Z
3020,59.6893,-176.7054,0.00335693359375,17.56923777945923,11990,17.62684593368448,12835,8533,0.0,0.0,78.0,2020-08-07T03:00:00Z
3020,59.6893,-176.7054,0.003662109375,17.521634468442812,12016,17.567920492503788,12869,8533,0.0,0.0,83.0,2020-08-07T04:00:00Z
3020,59.6893,-176.7054,0.003662109375,17.45773638428045,12051,17.49364840198308,12912,8533,0.0,0.0,83.0,2020-08-07T05:00:00Z
3020,59.6893,-176.7054,0.00335693359375,17.386781971401604,12090,17.416220288330578,12957,8533,0.0,0.0,79.0,2020-08-07T06:00:00Z
3020,59.6893,-176.7054,0.00335693359375,17.285349285828374,12146,17.321997248001537,13012,8533,0.0,0.0,84.0,2020-08-07T07:00:00Z
3020,59.6893,-176.7054,0.00335693359375,17.171866601471493,12209,17.206123077086147,13080,8533,0.0,0.0,76.0,2020-08-07T08:00:00Z
3020,59.6893,-176.7054,0.003662109375,17.09300015909099,12253,17.11120683091258,13136,8533,0.0,0.0,76.0,2020-08-07T09:00:00Z
3020,59.6893,-176.7054,0.00335693359375,17.041194568209107,12282,17.05043016724528,13172,8533,0.0,0.0,82.0,2020-08-07T10:00:00Z
3020,59.6893,-176.7054,0.0042724609375,16.994865415352706,12308,17.003288937935224,13200,8533,0.0,0.0,80.0,2020-08-07T11:00:00Z
3020,59.6893,-176.7054,0.00335693359375,16.95752627876351,12329,16.959615914866617,13226,8533,0.0,0.0,82.0,2020-08-07T12:00:00Z
3020,59.6893,-176.7054,0.00396728515625,16.937996319107242,12340,16.92776226324162,13245,8533,0.0,0.0,83.0,2020-08-07T13:00:00Z
3020,59.6893,-176.7054,0.003662109375,16.913168404243436,12354,16.902651060661356,13260,8533,0.0,0.0,77.0,2020-08-07T14:00:00Z
3020,59.6893,-176.7054,0.00335693359375,16.893683022812354,12365,16.87924285439925,13274,8533,0.0,0.0,81.0,2020-08-07T15:00:00Z
3020,59.6893,-176.7054,0.00335693359375,16.875986008516975,12375,16.847519115721525,13293,8533,0.0,0.0,84.0,2020-08-07T16:00:00Z
3020,59.6893,-176.7054,0.00274658203125,16.860072489266372,12384,16.822510195429516,13308,8533,0.0,0.0,79.0,2020-08-07T17:00:00Z
3020,59.6893,-176.7054,0.0030517578125,16.853004003043964,12388,16.81584652411675,13312,8533,0.0,0.0,83.0,2020-08-07T18:00:00Z
3020,59.6893,-176.7054,0.00335693359375,16.851237283952514,12389,16.820844065647634,13309,8533,0.0,0.0,80.0,2020-08-07T19:00:00Z
3020,59.6893,-176.7054,0.00335693359375,16.881293417682286,12372,16.83250994306252,13302,8533,0.0,0.0,79.0,2020-08-07T20:00:00Z
3020,59.6893,-176.7054,0.00335693359375,17.08048270035073,12260,16.97976063957003,13214,8533,0.0,0.0,77.0,2020-08-07T21:00:00Z
3020,59.6893,-176.7054,0.003662109375,17.381334644453318,12093,17.253753410075035,13052,8533,0.0,0.0,81.0,2020-08-07T22:00:00Z
3020,59.6893,-176.7054,0.0030517578125,17.766377764680556,11883,17.5800378186255,12862,8533,0.0,0.0,73.0,2020-08-07T23:00:00Z
3020,59.6893,-176.7054,0.00335693359375,18.19889949302052,11652,17.93119071121771,12661,8533,0.0,0.0,78.0,2020-08-08T00:00:00Z
3020,59.6893,-176.7054,0.00335693359375,18.573550330150454,11456,18.258208678959136,12477,8533,0.0,0.0,79.0,2020-08-08T01:00:00Z
3020,59.6893,-176.7054,0.00274658203125,18.861279164524262,11308,18.54884957180616,12316,8533,0.0,0.0,78.0,2020-08-08T02:00:00Z
3020,59.6893,-176.7054,0.00244140625,19.06206582002028,11206,18.77012098199708,12195,8533,0.0,0.0,77.0,2020-08-08T03:00:00Z
3020,59.6893,-176.7054,0.00213623046875,19.16323477641498,11155,18.893712759792777,12128,8533,0.0,0.0,76.0,2020-08-08T04:00:00Z
3020,59.6893,-176.7054,0.00152587890625,19.173181414663986,11150,18.923341333208725,12112,8533,0.0,0.0,83.0,2020-08-08T05:00:00Z
3020,59.6893,-176.7054,0.00152587890625,19.220995517294966,11126,18.975297898691963,12084,8533,0.0,0.0,82.0,2020-08-08T06:00:00Z
3020,59.6893,-176.7054,0.00152587890625,19.19508176563204,11139,19.01435466793515,12063,8532,0.0,0.0,81.0,2020-08-08T07:00:00Z
3020,59.6893,-176.7054,0.001220703125,19.1513054562202,11161,19.025527856580368,12057,8533,0.0,0.0,81.0,2020-08-08T08:00:00Z
3020,59.6893,-176.7054,9.1552734375E-4,19.13541095983993,11169,19.031116807028297,12054,8533,0.0,0.0,78.0,2020-08-08T09:00:00Z
3020,59.6893,-176.7054,0.001220703125,19.11159331213031,11181,19.040435217888557,12049,8532,0.0,0.0,79.0,2020-08-08T10:00:00Z
3020,59.6893,-176.7054,0.001220703125,19.161246053113018,11156,19.070283519309896,12033,8533,0.0,0.0,76.0,2020-08-08T11:00:00Z
3020,59.6893,-176.7054,9.1552734375E-4,19.187115176118766,11143,19.102046515379243,12016,8533,0.0,0.0,83.0,2020-08-08T12:00:00Z
3020,59.6893,-176.7054,0.00152587890625,19.256932618348742,11108,19.15634781569753,11987,8533,0.0,0.0,76.0,2020-08-08T13:00:00Z
3020,59.6893,-176.7054,0.001220703125,19.395303491299387,11039,19.271053889518498,11926,8533,0.0,0.0,76.0,2020-08-08T14:00:00Z
3020,59.6893,-176.7054,9.1552734375E-4,19.689294104883743,10894,19.496745193998777,11807,8533,0.0,0.0,76.0,2020-08-08T15:00:00Z
3020,59.6893,-176.7054,0.001220703125,20.06254147692033,10713,19.823660154704612,11637,8533,0.0,0.0,81.0,2020-08-08T16:00:00Z
3020,59.6893,-176.7054,0.00152587890625,20.48972866609853,10510,20.193509563685666,11448,8532,0.0,0.0,79.0,2020-08-08T17:00:00Z
3020,59.6893,-176.7054,0.001220703125,20.96334905673939,10290,20.60053852192965,11244,8532,0.0,0.0,79.0,2020-08-08T18:00:00Z
3020,59.6893,-176.7054,0.00152587890625,21.448556974941425,10070,21.030413410704796,11033,8532,0.0,0.0,80.0,2020-08-08T19:00:00Z
3020,59.6893,-176.7054,0.00152587890625,21.92073660611669,9861,21.4654777237684,10824,8532,0.0,0.0,75.0,2020-08-08T20:00:00Z
3020,59.6893,-176.7054,0.00152587890625,22.36225474681595,9670,21.88220174594221,10628,8532,0.0,0.0,80.0,2020-08-08T21:00:00Z
3020,59.6893,-176.7054,0.00152587890625,22.777920139454125,9494,22.290166902876194,10440,8532,0.0,0.0,76.0,2020-08-08T22:00:00Z
3020,59.6893,-176.7054,0.00152587890625,23.16829944382164,9332,22.675227156061737,10266,8532,0.0,0.0,83.0,2020-08-08T23:00:00Z
3020,59.6893,-176.7054,0.001220703125,23.462445736279506,9212,23.03815431092346,10105,8532,0.0,0.0,78.0,2020-08-09T00:00:00Z
3020,59.6893,-176.7054,0.0018310546875,23.653482573375697,9135,23.329086271832637,9978,8532,0.0,0.0,76.0,2020-08-09T01:00:00Z
3020,59.6893,-176.7054,0.00152587890625,23.853902267420665,9055,23.572803532899854,9873,8532,0.0,0.0,79.0,2020-08-09T02:00:00Z
3020,59.6893,-176.7054,0.00244140625,23.97258559023288,9008,23.767541719238977,9790,8532,0.0,0.0,79.0,2020-08-09T03:00:00Z
3020,59.6893,-176.7054,0.0018310546875,24.03854167300983,8982,23.909483831793295,9730,8532,0.0,0.0,83.0,2020-08-09T04:00:00Z
3020,59.6893,-176.7054,0.00213623046875,24.12511872990433,8948,24.042860020425053,9674,8532,0.0,0.0,77.0,2020-08-09T05:00:00Z
3020,59.6893,-176.7054,0.00244140625,24.206943835148763,8916,24.172303211170174,9620,8532,0.0,0.0,78.0,2020-08-09T06:00:00Z
3020,59.6893,-176.7054,0.0030517578125,24.25054873839042,8899,24.2783851816464,9576,8532,0.0,0.0,79.0,2020-08-09T07:00:00Z
3020,59.6893,-176.7054,0.00274658203125,24.258253508607993,8896,24.353456685948743,9545,8532,0.0,0.0,75.0,2020-08-09T08:00:00Z
3020,59.6893,-176.7054,0.0030517578125,24.173662358637444,8929,24.392311360934684,9529,8532,0.0,0.0,78.0,2020-08-09T09:00:00Z
3020,59.6893,-176.7054,0.00335693359375,24.097067818532764,8959,24.375303357931614,9536,8532,0.0,0.0,73.0,2020-08-09T10:00:00Z
3020,59.6893,-176.7054,0.00396728515625,24.109813397472635,8954,24.3680185408233,9539,8532,0.0,0.0,82.0,2020-08-09T11:00:00Z
3020,59.6893,-176.7054,0.003662109375,24.15320869912,8937,24.394742230476425,9528,8532,0.0,0.0,79.0,2020-08-09T12:00:00Z
3020,59.6893,-176.7054,0.0042724609375,24.137882049666587,8943,24.421500877228937,9517,8532,0.0,0.0,80.0,2020-08-09T13:00:00Z
3020,59.6893,-176.7054,0.0042724609375,24.155764272994247,8936,24.445857327257727,9507,8532,0.0,0.0,84.0,2020-08-09T14:00:00Z
3020,59.6893,-176.7054,0.00457763671875,24.230017049525316,8907,24.482446448383484,9492,8532,0.0,0.0,77.0,2020-08-09T15:00:00Z
3020,59.6893,-176.7054,0.00457763671875,24.25054873839042,8899,24.52888677169318,9473,8532,0.0,0.0,75.0,2020-08-09T16:00:00Z
3020,59.6893,-176.7054,0.0048828125,24.191576333232945,8922,24.53133392032987,9472,8532,0.0,0.0,77.0,2020-08-09T17:00:00Z
3020,59.6893,-176.7054,0.00518798828125,24.25568492512855,8897,24.55337143173142,9463,8532,0.0,0.0,77.0,2020-08-09T18:00:00Z
3020,59.6893,-176.7054,0.00518798828125,24.271101330255647,8891,24.568076295576418,9457,8532,0.0,0.0,80.0,2020-08-09T19:00:00Z
3020,59.6893,-176.7054,0.0054931640625,24.379346979689444,8849,24.61962663954222,9436,8532,0.0,0.0,71.0,2020-08-09T20:00:00Z
3020,59.6893,-176.7054,0.0054931640625,24.5245826463443,8793,24.70336516856304,9402,8532,0.0,0.0,85.0,2020-08-09T21:00:00Z
3020,59.6893,-176.7054,0.0054931640625,24.699728789009214,8726,24.81472439523384,9357,8532,0.0,0.0,76.0,2020-08-09T22:00:00Z
3020,59.6893,-176.7054,0.006103515625,24.86051941418026,8665,24.934178062715773,9309,8532,0.0,0.0,79.0,2020-08-09T23:00:00Z
3020,59.6893,-176.7054,0.0054931640625,24.982621309850515,8619,25.024227020285082,9273,8532,0.0,0.0,85.0,2020-08-10T00:00:00Z
3020,59.6893,-176.7054,0.006103515625,25.08939815213853,8579,25.11215502531809,9238,8531,0.0,0.0,77.0,2020-08-10T01:00:00Z
3020,59.6893,-176.7054,0.00579833984375,25.196740204862976,8539,25.20551870864705,9201,8532,0.0,0.0,80.0,2020-08-10T02:00:00Z
3020,59.6893,-176.7054,0.006103515625,25.372391214298204,8474,25.355279166017,9142,8531,0.0,0.0,79.0,2020-08-10T03:00:00Z
3020,59.6893,-176.7054,0.00579833984375,25.522214902734902,8419,25.521542234196772,9077,8531,0.0,0.0,83.0,2020-08-10T04:00:00Z
3020,59.6893,-176.7054,0.006103515625,25.634624609859713,8378,25.65035733299021,9027,8531,0.0,0.0,81.0,2020-08-10T05:00:00Z
3020,59.6893,-176.7054,0.006103515625,25.786400469572243,8323,25.79819617467541,8970,8531,0.0,0.0,78.0,2020-08-10T06:00:00Z
3020,59.6893,-176.7054,0.00579833984375,25.850207560434228,8300,25.923519956476696,8922,8531,0.0,0.0,84.0,2020-08-10T07:00:00Z
3020,59.6893,-176.7054,0.00640869140625,25.852986323253845,8299,25.991723042298872,8896,8531,0.0,0.0,73.0,2020-08-10T08:00:00Z
3020,59.6893,-176.7054,0.00640869140625,25.833542942715894,8306,26.036439595592412,8879,8531,0.0,0.0,79.0,2020-08-10T09:00:00Z
3020,59.6893,-176.7054,0.00640869140625,25.673151170446204,8364,26.041706743404347,8877,8531,0.0,0.0,77.0,2020-08-10T10:00:00Z
3020,59.6893,-176.7054,0.00640869140625,25.566008191263563,8403,25.994350746684177,8895,8531,0.0,0.0,77.0,2020-08-10T11:00:00Z
3020,59.6893,-176.7054,0.0067138671875,25.61264215448648,8386,25.96021666962548,8908,8531,0.0,0.0,73.0,2020-08-10T12:00:00Z
3020,59.6893,-176.7054,0.0067138671875,25.574229945949412,8400,25.947103204073812,8913,8531,0.0,0.0,82.0,2020-08-10T13:00:00Z
3020,59.6893,-176.7054,0.00640869140625,25.478515767609224,8435,25.933998070712505,8918,8531,0.0,0.0,80.0,2020-08-10T14:00:00Z
3020,59.6893,-176.7054,0.00640869140625,25.326304756769957,8491,25.873821492813022,8941,8531,0.0,0.0,82.0,2020-08-10T15:00:00Z
3020,59.6893,-176.7054,0.00640869140625,25.288429590611486,8505,25.806006628793455,8967,8531,0.0,0.0,79.0,2020-08-10T16:00:00Z
3020,59.6893,-176.7054,0.00640869140625,25.223664696580954,8529,25.741009785540257,8992,8531,0.0,0.0,82.0,2020-08-10T17:00:00Z
3020,59.6893,-176.7054,0.0067138671875,25.23714035065808,8524,25.696928762151913,9009,8531,0.0,0.0,80.0,2020-08-10T18:00:00Z
3020,59.6893,-176.7054,0.00640869140625,25.07602025259149,8584,25.59357936028863,9049,8531,0.0,0.0,78.0,2020-08-10T19:00:00Z
3020,59.6893,-176.7054,0.00640869140625,24.95867383914151,8628,25.447197244451104,9106,8531,0.0,0.0,85.0,2020-08-10T20:00:00Z
3020,59.6893,-176.7054,0.006103515625,24.956014755068168,8629,25.33490860419039,9150,8531,0.0,0.0,85.0,2020-08-10T21:00:00Z
3020,59.6893,-176.7054,0.0067138671875,24.96665318552766,8625,25.296768120336253,9165,8531,0.0,0.0,80.0,2020-08-10T22:00:00Z
3020,59.6893,-176.7054,0.00701904296875,24.942724566220363,8634,25.271380391968535,9175,8532,0.0,0.0,79.0,2020-08-10T23:00:00Z
3020,59.6893,-176.7054,0.00579833984375,24.85787318138108,8666,25.220698831817344,9195,8532,0.0,0.0,79.0,2020-08-11T00:00:00Z
3020,59.6893,-176.7054,0.00579833984375,24.876404075489006,8659,25.172666871275396,9214,8532,0.0,0.0,82.0,2020-08-11T01:00:00Z
3020,59.6893,-176.7054,0.00640869140625,24.881701732079023,8657,25.144910141752973,9225,8532,0.0,0.0,78.0,2020-08-11T02:00:00Z
3020,59.6893,-176.7054,0.0054931640625,24.879052730591127,8658,25.149954030583274,9223,8532,0.0,0.0,77.0,2020-08-11T03:00:00Z
3020,59.6893,-176.7054,0.0054931640625,24.76020487758467,8703,25.109637563701313,9239,8531,0.0,0.0,82.0,2020-08-11T04:00:00Z
3020,59.6893,-176.7054,0.0054931640625,24.61588768056646,8758,25.019213920530888,9275,8532,0.0,0.0,73.0,2020-08-11T05:00:00Z
3020,59.6893,-176.7054,0.0054931640625,24.561055204073796,8779,24.924196975061022,9313,8532,0.0,0.0,81.0,2020-08-11T06:00:00Z
3020,59.6893,-176.7054,0.0054931640625,24.436279432187575,8827,24.834585081346916,9349,8532,0.0,0.0,83.0,2020-08-11T07:00:00Z
3020,59.6893,-176.7054,0.006103515625,24.132775752767998,8945,24.673771292360982,9414,8532,0.0,0.0,84.0,2020-08-11T08:00:00Z
3020,59.6893,-176.7054,0.0054931640625,23.80361001281392,9075,24.44098371718411,9509,8532,0.0,0.0,75.0,2020-08-11T09:00:00Z
3020,59.6893,-176.7054,0.00579833984375,23.551535842524174,9176,24.162686646236637,9624,8532,0.0,0.0,82.0,2020-08-11T10:00:00Z
3020,59.6893,-176.7054,0.006103515625,23.452571160785,9216,23.93561402653006,9719,8532,0.0,0.0,83.0,2020-08-11T11:00:00Z
3020,59.6893,-176.7054,0.0054931640625,23.265870332514794,9292,23.769899343551288,9789,8532,0.0,0.0,87.0,2020-08-11T12:00:00Z
3020,59.6893,-176.7054,0.00579833984375,23.136690751072933,9345,23.612538386629183,9856,8532,0.0,0.0,82.0,2020-08-11T13:00:00Z
3020,59.6893,-176.7054,0.00579833984375,23.054256508898845,9379,23.486588853774663,9910,8532,0.0,0.0,78.0,2020-08-11T14:00:00Z
3020,59.6893,-176.7054,0.006103515625,22.885598464535235,9449,23.389163982504897,9952,8532,0.0,0.0,76.0,2020-08-11T15:00:00Z
3020,59.6893,-176.7054,0.00579833984375,22.547764297283322,9591,23.200287749980873,10034,8532,0.0,0.0,79.0,2020-08-11T16:00:00Z
3020,59.6893,-176.7054,0.00579833984375,22.150679430107232,9761,22.895365264307998,10168,8532,0.0,0.0,80.0,2020-08-11T17:00:00Z
3020,59.6893,-176.7054,0.006103515625,21.845433651011945,9894,22.56604803015057,10315,8532,0.0,0.0,71.0,2020-08-11T18:00:00Z
3020,59.6893,-176.7054,0.00579833984375,21.62572238909172,9991,22.250748003776835,10458,8532,0.0,0.0,77.0,2020-08-11T19:00:00Z
3020,59.6893,-176.7054,0.0054931640625,21.419553783064202,10083,21.976947155921266,10584,8532,0.0,0.0,83.0,2020-08-11T20:00:00Z
3020,59.6893,-176.7054,0.00640869140625,21.27516922113773,10148,21.736646317313784,10696,8532,0.0,0.0,83.0,2020-08-11T21:00:00Z
3020,59.6893,-176.7054,0.00640869140625,21.094506909133656,10230,21.547713567283893,10785,8532,0.0,0.0,80.0,2020-08-11T22:00:00Z
3020,59.6893,-176.7054,0.00640869140625,21.094506909133656,10230,21.383576314408117,10863,8532,0.0,0.0,88.0,2020-08-11T23:00:00Z
3020,59.6893,-176.7054,0.00640869140625,21.162612967476377,10199,21.368911264123597,10870,8532,0.0,0.0,84.0,2020-08-12T00:00:00Z
3020,59.6893,-176.7054,0.00640869140625,21.239788738521042,10164,21.42973614384448,10841,8532,0.0,0.0,76.0,2020-08-12T01:00:00Z
3020,59.6893,-176.7054,0.006103515625,21.455256031227464,10067,21.583665280416767,10768,8532,0.0,0.0,84.0,2020-08-12T02:00:00Z
3020,59.6893,-176.7054,0.006103515625,21.6956761858915,9960,21.783622964459084,10674,8532,0.0,0.0,74.0,2020-08-12T03:00:00Z
3020,59.6893,-176.7054,0.00579833984375,21.911593809127623,9865,21.968315541543518,10588,8532,0.0,0.0,73.0,2020-08-12T04:00:00Z
3020,59.6893,-176.7054,0.00640869140625,22.141430655706642,9765,22.163424582680648,10498,8532,0.0,0.0,75.0,2020-08-12T05:00:00Z
3020,59.6893,-176.7054,0.0054931640625,22.23875715624098,9723,22.30551724470058,10433,8532,0.0,0.0,76.0,2020-08-12T06:00:00Z
3020,59.6893,-176.7054,0.00579833984375,22.31323037895544,9691,22.367035346114108,10405,8532,0.0,0.0,84.0,2020-08-12T07:00:00Z
3020,59.6893,-176.7054,0.00640869140625,22.37394496482773,9665,22.43757150415297,10373,8532,0.0,0.0,71.0,2020-08-12T08:00:00Z
3020,59.6893,-176.7054,0.006103515625,22.425463313303,9643,22.508354289392344,10341,8532,0.0,0.0,82.0,2020-08-12T09:00:00Z
3020,59.6893,-176.7054,0.006103515625,22.458316984025316,9629,22.557161367079857,10319,8532,0.0,0.0,73.0,2020-08-12T10:00:00Z
3020,59.6893,-176.7054,0.00640869140625,22.55012358460607,9590,22.632822541724295,10285,8532,0.0,0.0,82.0,2020-08-12T11:00:00Z
3020,59.6893,-176.7054,0.00579833984375,22.666070797147086,9541,22.74684657720644,10234,8532,0.0,0.0,83.0,2020-08-12T12:00:00Z
3020,59.6893,-176.7054,0.00579833984375,22.75407002623257,9504,22.85700636614297,10185,8532,0.0,0.0,77.0,2020-08-12T13:00:00Z
3020,59.6893,-176.7054,0.0054931640625,22.808967806981855,9481,22.933796805592863,10151,8532,0.0,0.0,75.0,2020-08-12T14:00:00Z
3020,59.6893,-176.7054,0.0054931640625,22.785080715383003,9491,22.965501039547974,10137,8532,0.0,0.0,86.0,2020-08-12T15:00:00Z
3020,59.6893,-176.7054,0.00579833984375,22.80179868795716,9484,22.981371743491877,10130,8532,0.0,0.0,73.0,2020-08-12T16:00:00Z
3020,59.6893,-176.7054,0.006103515625,22.76837668552048,9498,22.983640000015498,10129,8532,0.0,0.0,80.0,2020-08-12T17:00:00Z
3020,59.6893,-176.7054,0.00640869140625,22.76837668552048,9498,22.967767523515704,10136,8532,0.0,0.0,73.0,2020-08-12T18:00:00Z
3020,59.6893,-176.7054,0.00579833984375,22.852036482558844,9463,23.015422226563487,10115,8532,0.0,0.0,83.0,2020-08-12T19:00:00Z
3020,59.6893,-176.7054,0.006103515625,22.957706818135023,9419,23.127053331459194,10066,8532,0.0,0.0,79.0,2020-08-12T20:00:00Z
3020,59.6893,-176.7054,0.006103515625,22.96252327719651,9417,23.177373632807416,10044,8532,0.0,0.0,80.0,2020-08-12T21:00:00Z
3020,59.6893,-176.7054,0.006103515625,22.73739183168999,9511,23.10878589203338,10074,8532,0.0,0.0,79.0,2020-08-12T22:00:00Z
3020,59.6893,-176.7054,0.006103515625,22.564285154914387,9584,22.936059752299116,10150,8532,0.0,0.0,88.0,2020-08-12T23:00:00Z
3020,59.6893,-176.7054,0.006103515625,22.334226095080396,9682,22.75133120212115,10232,8532,0.0,0.0,84.0,2020-08-13T00:00:00Z
3020,59.6893,-176.7054,0.006103515625,22.385642025183245,9660,22.592731432690243,10303,8532,0.0,0.0,72.0,2020-08-13T01:00:00Z
3020,59.6893,-176.7054,0.006103515625,22.441883399902906,9636,22.581609076994653,10308,8532,0.0,0.0,83.0,2020-08-13T02:00:00Z
3020,59.6893,-176.7054,0.00640869140625,22.58318285640155,9576,22.672993121070874,10267,8532,0.0,0.0,82.0,2020-08-13T03:00:00Z
3020,59.6893,-176.7054,0.00640869140625,22.758837777129372,9502,22.809721751639245,10206,8532,0.0,0.0,79.0,2020-08-13T04:00:00Z
3020,59.6893,-176.7054,0.0054931640625,22.972159668074596,9413,22.981371743491877,10130,8532,0.0,0.0,80.0,2020-08-13T05:00:00Z
3020,59.6893,-176.7054,0.00579833984375,23.136690751072933,9345,23.156772992228696,10053,8532,0.0,0.0,87.0,2020-08-13T06:00:00Z
3020,59.6893,-176.7054,0.00640869140625,23.19021158332987,9323,23.257686301936587,10009,8532,0.0,0.0,85.0,2020-08-13T07:00:00Z
3020,59.6893,-176.7054,0.00640869140625,23.21458649230823,9313,23.317553179648257,9983,8532,0.0,0.0,76.0,2020-08-13T08:00:00Z
3020,59.6893,-176.7054,0.00640869140625,23.212147669125045,9314,23.356792401743235,9966,8532,0.0,0.0,71.0,2020-08-13T09:00:00Z
3020,59.6893,-176.7054,0.006103515625,23.051837092905203,9380,23.349862330752387,9969,8532,0.0,0.0,75.0,2020-08-13T10:00:00Z
3020,59.6893,-176.7054,0.00640869140625,22.75645375979269,9503,23.22322772728768,10024,8532,0.0,0.0,78.0,2020-08-13T11:00:00Z
3020,59.6893,-176.7054,0.00640869140625,22.49357735574307,9614,22.985908509975445,10128,8532,0.0,0.0,84.0,2020-08-13T12:00:00Z
3020,59.6893,-176.7054,0.00640869140625,22.21090113858247,9735,22.7423629439013,10236,8532,0.0,0.0,85.0,2020-08-13T13:00:00Z
3020,59.6893,-176.7054,0.00640869140625,21.877345619544144,9880,22.46629717390516,10360,8532,0.0,0.0,73.0,2020-08-13T14:00:00Z
3020,59.6893,-176.7054,0.00640869140625,21.580721028276912,10011,22.152535627297368,10503,8532,0.0,0.0,80.0,2020-08-13T15:00:00Z
3020,59.6893,-176.7054,0.0067138671875,21.279596215419815,10146,21.813574252639853,10660,8532,0.0,0.0,72.0,2020-08-13T16:00:00Z
3020,59.6893,-176.7054,0.00640869140625,21.109865283877355,10223,21.50339101524372,10806,8532,0.0,0.0,75.0,2020-08-13T17:00:00Z
3020,59.6893,-176.7054,0.00701904296875,21.17361973061469,10194,21.34588775053652,10881,8532,0.0,0.0,82.0,2020-08-13T18:00:00Z
3020,59.6893,-176.7054,0.00732421875,21.28181008255052,10145,21.387768291843713,10861,8532,0.0,0.0,73.0,2020-08-13T19:00:00Z
3020,59.6893,-176.7054,0.00732421875,21.46866091785239,10061,21.547713567283893,10785,8532,0.0,0.0,81.0,2020-08-13T20:00:00Z
3020,59.6893,-176.7054,0.00732421875,21.65502793057675,9978,21.704679403513865,10711,8532,0.0,0.0,76.0,2020-08-13T21:00:00Z
3020,59.6893,-176.7054,0.00732421875,21.827221158162672,9902,21.869316301957213,10634,8532,0.0,0.0,75.0,2020-08-13T22:00:00Z
3020,59.6893,-176.7054,0.00732421875,21.92302296068118,9860,21.961844251158368,10591,8532,0.0,0.0,80.0,2020-08-13T23:00:00Z
3020,59.6893,-176.7054,0.00762939453125,22.033077427415037,9812,22.037471971023308,10556,8532,0.0,0.0,77.0,2020-08-14T00:00:00Z
3020,59.6893,-176.7054,0.00732421875,22.1738201319165,9751,22.15906829661583,10500,8532,0.0,0.0,85.0,2020-08-14T01:00:00Z
3020,59.6893,-176.7054,0.00762939453125,22.352907493806867,9674,22.312099530006776,10430,8532,0.0,0.0,83.0,2020-08-14T02:00:00Z
3020,59.6893,-176.7054,0.00823974609375,22.54540528819365,9592,22.483994787575227,10352,8532,0.0,0.0,82.0,2020-08-14T03:00:00Z
3020,59.6893,-176.7054,0.00732421875,22.718348032613278,9519,22.657361766855672,10274,8532,0.0,0.0,84.0,2020-08-14T04:00:00Z
3020,59.6893,-176.7054,0.008544921875,22.825705735952795,9474,22.784997538462676,10217,8532,0.0,0.0,76.0,2020-08-14T05:00:00Z
3020,59.6893,-176.7054,0.00823974609375,22.808967806981855,9481,22.86602546761935,10181,8532,0.0,0.0,84.0,2020-08-14T06:00:00Z
3020,59.6893,-176.7054,0.00823974609375,22.708832921270528,9523,22.86602546761935,10181,8532,0.0,0.0,83.0,2020-08-14T07:00:00Z
3020,59.6893,-176.7054,0.008544921875,22.602098424559017,9568,22.823220399050285,10200,8532,0.0,0.0,84.0,2020-08-14T08:00:00Z
3020,59.6893,-176.7054,0.00885009765625,22.524186716635654,9601,22.760303428439215,10228,8532,0.0,0.0,72.0,2020-08-14T09:00:00Z
3020,59.6893,-176.7054,0.0091552734375,22.366930013424167,9668,22.672993121070874,10267,8532,0.0,0.0,82.0,2020-08-14T10:00:00Z
3020,59.6893,-176.7054,0.0091552734375,22.37160637408033,9666,22.62390654905795,10289,8532,0.0,0.0,83.0,2020-08-14T11:00:00Z
3020,59.6893,-176.7054,0.00946044921875,22.425463313303,9643,22.652897878987574,10276,8532,0.0,0.0,73.0,2020-08-14T12:00:00Z
3020,59.6893,-176.7054,0.00946044921875,22.453620295753694,9631,22.71548194466351,10248,8532,0.0,0.0,71.0,2020-08-14T13:00:00Z
3020,59.6893,-176.7054,0.009765625,21.961931157604965,9843,22.619450023374213,10291,8532,0.0,0.0,86.0,2020-08-14T14:00:00Z
3020,59.6893,-176.7054,0.0103759765625,21.913879115298244,9864,22.41109163065778,10385,8532,0.0,0.0,79.0,2020-08-14T15:00:00Z
3020,59.6893,-176.7054,0.009765625,21.8158467976113,9907,22.26168999395088,10453,8532,0.0,0.0,77.0,2020-08-14T16:00:00Z
3020,59.6893,-176.7054,0.01007080078125,21.806751982048695,9911,22.16996077251372,10495,8532,0.0,0.0,80.0,2020-08-14T17:00:00Z
3020,59.6893,-176.7054,0.0103759765625,21.79084603807877,9918,22.122077722966935,10517,8532,0.0,0.0,86.0,2020-08-14T18:00:00Z
3020,59.6893,-176.7054,0.01068115234375,21.57622648405504,10013,22.05913200230043,10546,8532,0.0,0.0,75.0,2020-08-14T19:00:00Z
3020,59.6893,-176.7054,0.0103759765625,21.419553783064202,10083,21.89294590326824,10623,8532,0.0,0.0,84.0,2020-08-14T20:00:00Z
3020,59.6893,-176.7054,0.010986328125,21.162612967476377,10199,21.683396245844733,10721,8532,0.0,0.0,85.0,2020-08-14T21:00:00Z
3020,59.6893,-176.7054,0.010986328125,19.975299996662557,10755,21.389864607954507,10860,8532,0.0,0.0,79.0,2020-08-14T22:00:00Z
3020,59.6893,-176.7054,4.5501708984375,2.632064792067638,24403,3.148527880881602,25292,8533,0.0,0.0,5.0,2020-08-14T23:00:00Z
3020,59.6893,-176.7054,4.55780029296875,2.5285598653044303,24529,2.3487909848188906,26303,8532,0.0,0.0,2.0,2020-08-15T00:00:00Z
3020,59.6893,-176.7054,4.56207275390625,2.4737642194680802,24596,2.266945514957115,26409,8532,0.0,0.0,1.0,2020-08-15T01:00:00Z
3020,59.6893,-176.7054,4.56451416015625,2.4647839274273338,24607,2.244618054810985,26438,8531,0.0,0.0,0.0,2020-08-15T02:00:00Z
3020,59.6893,-176.7054,4.56695556640625,2.4492831188465516,24626,2.2453875095479248,26437,8531,0.0,0.0,0.0,2020-08-15T03:00:00Z
3020,59.6893,-176.7054,4.566650390625,2.484383103899347,24583,2.2684863540505376,26407,8531,0.0,0.0,0.0,2020-08-15T04:00:00Z
3020,59.6893,-176.7054,4.56817626953125,2.5015500043216434,24562,2.280817784137014,26391,8531,0.0,0.0,0.0,2020-08-15T05:00:00Z
3020,59.6893,-176.7054,4.57000732421875,2.518733382412222,24541,2.2885291898591618,26381,8531,0.0,0.0,0.0,2020-08-15T06:00:00Z
3020,59.6893,-176.7054,4.57183837890625,2.5310173289160502,24526,2.2970155264759455,26370,8531,0.0,0.0,0.0,2020-08-15T07:00:00Z
3020,59.6893,-176.7054,4.57305908203125,2.5416702370768576,24513,2.3062778809625115,26358,8531,0.0,0.0,0.0,2020-08-15T08:00:00Z
3020,59.6893,-176.7054,4.57427978515625,2.549869096654106,24503,2.311683107092108,26351,8531,0.0,0.0,0.0,2020-08-15T09:00:00Z
3020,59.6893,-176.7054,4.57489013671875,2.5531496918762286,24499,2.3132277534336367,26349,8530,0.0,0.0,0.0,2020-08-15T10:00:00Z
3020,59.6893,-176.7054,4.57366943359375,2.5465891023313816,24507,2.3055058373295196,26359,8530,0.0,0.0,0.0,2020-08-15T11:00:00Z
3020,59.6893,-176.7054,4.57183837890625,2.5408505575526874,24514,2.297787208639477,26369,8530,0.0,0.0,0.0,2020-08-15T12:00:00Z
3020,59.6893,-176.7054,4.56787109375,2.5342944718173044,24522,2.29084325136256,26378,8530,0.0,0.0,0.0,2020-08-15T13:00:00Z
3020,59.6893,-176.7054,4.560546875,2.5277407857145704,24530,2.2831308614458408,26388,8530,0.0,0.0,0.0,2020-08-15T14:00:00Z
3020,59.6893,-176.7054,4.554443359375,2.5285598653044303,24529,2.281588777113825,26390,8530,0.0,0.0,0.0,2020-08-15T15:00:00Z
3020,59.6893,-176.7054,4.54742431640625,2.520370755084741,24539,2.274651020514284,26399,8530,0.0,0.0,0.0,2020-08-15T16:00:00Z
3020,59.6893,-176.7054,4.5416259765625,2.5113670579170844,24550,2.265404806830304,26411,8530,0.0,0.0,0.0,2020-08-15T17:00:00Z
3020,59.6893,-176.7054,4.537353515625,2.481115083838631,24587,2.236156208029172,26449,8530,0.0,0.0,0.0,2020-08-15T18:00:00Z
3020,59.6893,-176.7054,4.53582763671875,2.4215782945080377,24660,2.1747340806665534,26529,8530,0.0,0.0,0.0,2020-08-15T19:00:00Z
3020,59.6893,-176.7054,4.53582763671875,2.3987947207006073,24688,2.151754359223105,26559,8530,0.0,0.0,0.0,2020-08-15T20:00:00Z
3020,59.6893,-176.7054,4.53948974609375,2.401234430684326,24685,2.1540510200764516,26556,8530,0.0,0.0,1.0,2020-08-15T21:00:00Z
3020,59.6893,-176.7054,4.5440673828125,2.348448394547802,24750,2.1028281710088095,26623,8530,0.0,0.0,1.0,2020-08-15T22:00:00Z
3020,59.6893,-176.7054,4.54986572265625,2.320899163428919,24784,2.07231628816794,26663,8530,0.0,0.0,1.0,2020-08-15T23:00:00Z
3020,59.6893,-176.7054,4.55535888671875,2.3103768387367154,24797,2.062410986030102,26676,8530,0.0,0.0,1.0,2020-08-16T00:00:00Z
3020,59.6893,-176.7054,4.560546875,2.3435836810285764,24756,2.0929061688478328,26636,8530,0.0,0.0,1.0,2020-08-16T01:00:00Z
3020,59.6893,-176.7054,4.56329345703125,2.6090119512135175,24431,2.365824172334726,26281,8530,0.0,0.0,0.0,2020-08-16T02:00:00Z
3020,59.6893,-176.7054,4.5660400390625,2.7096741221444063,24309,2.4613509953444463,26158,8530,0.0,0.0,0.0,2020-08-16T03:00:00Z
3020,59.6893,-176.7054,4.56878662109375,2.7105015627851117,24308,2.4644660186957594,26154,8530,0.0,0.0,0.0,2020-08-16T04:00:00Z
3020,59.6893,-176.7054,4.56939697265625,2.7129841139260975,24305,2.4668026371677456,26151,8530,0.0,0.0,0.0,2020-08-16T05:00:00Z
3020,59.6893,-176.7054,4.57000732421875,2.7270584022438698,24288,2.480828669546497,26133,8530,0.0,0.0,0.0,2020-08-16T06:00:00Z
3020,59.6893,-176.7054,4.57122802734375,2.7403148936919024,24272,2.4948655503525856,26115,8530,0.0,0.0,0.0,2020-08-16T07:00:00Z
3020,59.6893,-176.7054,4.57122802734375,2.7361711869148166,24277,2.490185383720018,26121,8530,0.0,0.0,0.0,2020-08-16T08:00:00Z
3020,59.6893,-176.7054,4.57275390625,2.7320284377598796,24282,2.487065942979541,26125,8530,0.0,0.0,0.0,2020-08-16T09:00:00Z
3020,59.6893,-176.7054,4.57427978515625,2.728714927641647,24286,2.4839470383133175,26129,8530,0.0,0.0,0.0,2020-08-16T10:00:00Z
3020,59.6893,-176.7054,4.57427978515625,2.7245739011483465,24291,2.4792696860707792,26135,8530,0.0,0.0,0.0,2020-08-16T11:00:00Z
3020,59.6893,-176.7054,4.57366943359375,2.7237458106367285,24292,2.478490244550244,26136,8530,0.0,0.0,0.0,2020-08-16T12:00:00Z
3020,59.6893,-176.7054,4.57000732421875,2.7229177583795945,24293,2.4777108365044,26137,8530,0.0,0.0,0.0,2020-08-16T13:00:00Z
3020,59.6893,-176.7054,4.56451416015625,2.721261768615534,24295,2.476152120825418,26139,8530,0.0,0.0,0.0,2020-08-16T14:00:00Z
3020,59.6893,-176.7054,4.55841064453125,2.719605931829335,24297,2.4753728131870503,26140,8530,0.0,0.0,0.0,2020-08-16T15:00:00Z
3020,59.6893,-176.7054,4.55169677734375,2.719605931829335,24297,2.4745935390122327,26141,8530,0.0,0.0,0.0,2020-08-16T16:00:00Z
3020,59.6893,-176.7054,4.54376220703125,2.719605931829335,24297,2.4745935390122327,26141,8530,0.0,0.0,0.0,2020-08-16T17:00:00Z
3020,59.6893,-176.7054,4.53857421875,2.7204338311019,24296,2.4753728131870503,26140,8530,0.0,0.0,0.0,2020-08-16T18:00:00Z
3020,59.6893,-176.7054,4.53460693359375,2.538391744089097,24517,2.291614670840943,26377,8530,0.0,0.0,0.0,2020-08-16T19:00:00Z
3020,59.6893,-176.7054,4.53277587890625,2.3395307635677796,24761,2.0936692068107163,26635,8530,0.0,0.0,0.0,2020-08-16T20:00:00Z
3020,59.6893,-176.7054,4.53521728515625,2.3136138177288785,24793,2.0654581941874994,26672,8530,0.0,0.0,1.0,2020-08-16T21:00:00Z
3020,59.6893,-176.7054,4.53887939453125,2.314423154035751,24792,2.0654581941874994,26672,8530,0.0,0.0,2.0,2020-08-16T22:00:00Z
3020,59.6893,-176.7054,4.54437255859375,2.320089533995315,24785,2.0715541494367926,26664,8530,0.0,0.0,2.0,2020-08-16T23:00:00Z
3020,59.6893,-176.7054,4.54986572265625,2.3233282716724943,24781,2.074602896856561,26660,8530,0.0,0.0,0.0,2020-08-17T00:00:00Z
3020,59.6893,-176.7054,4.556884765625,2.327377518743276,24776,2.0784145531409877,26655,8530,0.0,0.0,1.0,2020-08-17T01:00:00Z
3020,59.6893,-176.7054,4.561767578125,2.3314276828198217,24771,2.082227011957741,26650,8530,0.0,0.0,0.0,2020-08-17T02:00:00Z
3020,59.6893,-176.7054,4.56512451171875,2.3346684745902166,24767,2.086040273627532,26645,8530,0.0,0.0,0.0,2020-08-17T03:00:00Z
3020,59.6893,-176.7054,4.5684814453125,2.330617576625116,24772,2.081464455976345,26651,8530,0.0,0.0,0.0,2020-08-17T04:00:00Z
3020,59.6893,-176.7054,4.569091796875,2.333048005300327,24769,2.0837522202652963,26648,8530,0.0,0.0,0.0,2020-08-17T05:00:00Z
3020,59.6893,-176.7054,4.5703125,2.3346684745902166,24767,2.085277557049949,26646,8530,0.0,0.0,0.0,2020-08-17T06:00:00Z
3020,59.6893,-176.7054,4.57061767578125,2.341151820347193,24759,2.0921431630350753,26637,8530,0.0,0.0,0.0,2020-08-17T07:00:00Z
3020,59.6893,-176.7054,4.57183837890625,2.3452051051943954,24754,2.0959585136255896,26632,8530,0.0,0.0,0.0,2020-08-17T08:00:00Z
3020,59.6893,-176.7054,4.57183837890625,2.3298075071232915,24773,2.080701932106649,26652,8530,0.0,0.0,0.0,2020-08-17T09:00:00Z
3020,59.6893,-176.7054,4.57366943359375,2.324947860485338,24779,2.076127463086948,26658,8530,0.0,0.0,0.0,2020-08-17T10:00:00Z
3020,59.6893,-176.7054,4.57489013671875,2.3257577098963225,24778,2.076127463086948,26658,8530,0.0,0.0,0.0,2020-08-17T11:00:00Z
3020,59.6893,-176.7054,4.57489013671875,2.3257577098963225,24778,2.076127463086948,26658,8530,0.0,0.0,0.0,2020-08-17T12:00:00Z
3020,59.6893,-176.7054,4.57275390625,2.3257577098963225,24778,2.076889794341298,26657,8530,0.0,0.0,0.0,2020-08-17T13:00:00Z
3020,59.6893,-176.7054,4.56939697265625,2.3257577098963225,24778,2.076889794341298,26657,8530,0.0,0.0,0.0,2020-08-17T14:00:00Z
3020,59.6893,-176.7054,4.56329345703125,2.3265675959812597,24777,2.076889794341298,26657,8530,0.0,0.0,0.0,2020-08-17T15:00:00Z
3020,59.6893,-176.7054,4.5562744140625,2.3257577098963225,24778,2.076889794341298,26657,8530,0.0,0.0,0.0,2020-08-17T16:00:00Z
3020,59.6893,-176.7054,4.5477294921875,2.3257577098963225,24778,2.076127463086948,26658,8530,0.0,0.0,0.0,2020-08-17T17:00:00Z
3020,59.6893,-176.7054,4.54132080078125,2.324138047745123,24780,2.074602896856561,26660,8530,0.0,0.0,0.0,2020-08-17T18:00:00Z
3020,59.6893,-176.7054,4.53521728515625,2.3233282716724943,24781,2.073840661875238,26661,8530,0.0,0.0,0.0,2020-08-17T19:00:00Z
3020,59.6893,-176.7054,4.5306396484375,2.3322378257105356,24770,2.0829896000531676,26649,8530,0.0,0.0,0.0,2020-08-17T20:00:00Z
3020,59.6893,-176.7054,4.53125,2.3598045406709502,24736,2.109700435259356,26614,8530,0.0,0.0,0.0,2020-08-17T21:00:00Z
3020,59.6893,-176.7054,4.5343017578125,2.3963553433505353,24691,2.147161910868988,26565,8530,0.0,0.0,0.0,2020-08-17T22:00:00Z
3020,59.6893,-176.7054,4.5391845703125,2.4004211570584744,24686,2.151754359223105,26559,8530,0.0,0.0,0.0,2020-08-17T23:00:00Z
3020,59.6893,-176.7054,4.54437255859375,2.375227993822648,24717,2.1265102897369843,26592,8530,0.0,0.0,1.0,2020-08-18T00:00:00Z
3020,59.6893,-176.7054,4.55047607421875,2.3557479464993776,24741,2.1058821887286854,26619,8530,0.0,0.0,1.0,2020-08-18T01:00:00Z
3020,59.6893,-176.7054,4.5574951171875,2.3403412735921165,24760,2.0913801893697723,26638,8530,0.0,0.0,0.0,2020-08-18T02:00:00Z
3020,59.6893,-176.7054,4.56207275390625,2.3922904533856695,24696,2.144866123228212,26568,8530,0.0,0.0,0.0,2020-08-18T03:00:00Z
3020,59.6893,-176.7054,4.5660400390625,2.5785947021469156,24468,2.3271354951923513,26331,8530,0.0,0.0,0.0,2020-08-18T04:00:00Z
3020,59.6893,-176.7054,4.5684814453125,2.639480938107056,24394,2.3921796940368267,26247,8530,0.0,0.0,0.0,2020-08-18T05:00:00Z
3020,59.6893,-176.7054,4.57000732421875,2.6477247023638597,24384,2.4007146858614874,26236,8530,0.0,0.0,0.0,2020-08-18T06:00:00Z
3020,59.6893,-176.7054,4.57000732421875,2.6518480073244746,24379,2.405371829089688,26230,8530,0.0,0.0,0.0,2020-08-18T07:00:00Z
3020,59.6893,-176.7054,4.569091796875,2.6501985714705256,24381,2.4038193151642986,26232,8530,0.0,0.0,0.0,2020-08-18T08:00:00Z
3020,59.6893,-176.7054,4.57000732421875,2.637008548315066,24397,2.3906283087048905,26249,8530,0.0,0.0,0.0,2020-08-18T09:00:00Z
3020,59.6893,-176.7054,4.57061767578125,2.6016084054190287,24440,2.365824172334726,26281,8530,0.0,0.0,0.0,2020-08-18T10:00:00Z
3020,59.6893,-176.7054,4.57183837890625,2.5040037630834604,24559,2.26232378339256,26415,8530,0.0,0.0,0.0,2020-08-18T11:00:00Z
3020,59.6893,-176.7054,4.5733642578125,2.3403412735921165,24760,2.0936692068107163,26635,8530,0.0,0.0,0.0,2020-08-18T12:00:00Z
3020,59.6893,-176.7054,4.5733642578125,2.3314276828198217,24771,2.0829896000531676,26649,8530,0.0,0.0,0.0,2020-08-18T13:00:00Z
3020,59.6893,-176.7054,4.57183837890625,2.33385822159255,24768,2.085277557049949,26646,8530,0.0,0.0,0.0,2020-08-18T14:00:00Z
3020,59.6893,-176.7054,4.56787109375,2.33385822159255,24768,2.086040273627532,26645,8530,0.0,0.0,0.0,2020-08-18T15:00:00Z
3020,59.6893,-176.7054,4.561767578125,2.333048005300327,24769,2.084514872596685,26647,8530,0.0,0.0,0.0,2020-08-18T16:00:00Z
3020,59.6893,-176.7054,4.554443359375,2.3322378257105356,24770,2.0837522202652963,26648,8530,0.0,0.0,0.0,2020-08-18T17:00:00Z
3020,59.6893,-176.7054,4.547119140625,2.3322378257105356,24770,2.0829896000531676,26649,8530,0.0,0.0,0.0,2020-08-18T18:00:00Z
3020,59.6893,-176.7054,4.5404052734375,2.3362890907145584,24765,2.087565803166285,26643,8530,0.0,0.0,0.0,2020-08-18T19:00:00Z
3020,59.6893,-176.7054,4.534912109375,2.3452051051943954,24754,2.0959585136255896,26632,8530,0.0,0.0,0.0,2020-08-18T20:00:00Z
3020,59.6893,-176.7054,4.53125,2.367920489912251,24726,2.1196316452321184,26601,8530,0.0,0.0,0.0,2020-08-18T21:00:00Z
3020,59.6893,-176.7054,4.53155517578125,2.3955422914709175,24692,2.1463966159921597,26566,8530,0.0,0.0,1.0,2020-08-18T22:00:00Z
3020,59.6893,-176.7054,4.53369140625,2.4004211570584744,24686,2.151754359223105,26559,8530,0.0,0.0,1.0,2020-08-18T23:00:00Z
3020,59.6893,-176.7054,4.5404052734375,2.388226486765575,24701,2.139510416676444,26575,8530,0.0,0.0,1.0,2020-08-19T00:00:00Z
3020,59.6893,-176.7054,4.5465087890625,2.384975978010175,24705,2.1364507237548196,26579,8530,0.0,0.0,0.0,2020-08-19T01:00:00Z
3020,59.6893,-176.7054,4.55352783203125,2.4852002021472686,24582,2.235387145101072,26450,8530,0.0,0.0,1.0,2020-08-19T02:00:00Z
3020,59.6893,-176.7054,4.559326171875,2.637008548315066,24397,2.3867504257735845,26254,8530,0.0,0.0,0.0,2020-08-19T03:00:00Z
3020,59.6893,-176.7054,4.56390380859375,2.661747812377996,24367,2.4146897038397697,26218,8530,0.0,0.0,0.0,2020-08-19T04:00:00Z
3020,59.6893,-176.7054,4.56634521484375,2.6501985714705256,24381,2.402266934095394,26234,8530,0.0,0.0,0.0,2020-08-19T05:00:00Z
3020,59.6893,-176.7054,4.56787109375,2.6493739104816996,24382,2.4030431080240646,26233,8530,0.0,0.0,0.0,2020-08-19T06:00:00Z
3020,59.6893,-176.7054,4.5684814453125,2.6683507223903007,24359,2.421681251955704,26209,8530,0.0,0.0,0.0,2020-08-19T07:00:00Z
3020,59.6893,-176.7054,4.56817626953125,2.6848686497519907,24339,2.4387830541157314,26187,8530,0.0,0.0,0.0,2020-08-19T08:00:00Z
3020,59.6893,-176.7054,4.5672607421875,2.6964402644845222,24325,2.448896246542745,26174,8530,0.0,0.0,0.0,2020-08-19T09:00:00Z
3020,59.6893,-176.7054,4.56756591796875,2.700574795398495,24320,2.4543441472960126,26167,8530,0.0,0.0,0.0,2020-08-19T10:00:00Z
3020,59.6893,-176.7054,4.56878662109375,2.698920868574021,24322,2.4535657756110822,26168,8530,0.0,0.0,0.0,2020-08-19T11:00:00Z
3020,59.6893,-176.7054,4.57061767578125,2.681563846018207,24343,2.4395607919036024,26186,8530,0.0,0.0,0.0,2020-08-19T12:00:00Z
3020,59.6893,-176.7054,4.57244873046875,2.6790856431114776,24346,2.4286754954500225,26200,8530,0.0,0.0,0.0,2020-08-19T13:00:00Z
3020,59.6893,-176.7054,4.57275390625,2.6650489632447147,24363,2.424789471739871,26205,8530,0.0,0.0,0.0,2020-08-19T14:00:00Z
3020,59.6893,-176.7054,4.5709228515625,2.689000511634049,24334,2.4418942053093815,26183,8530,0.0,0.0,0.0,2020-08-19T15:00:00Z
3020,59.6893,-176.7054,4.56787109375,2.690653523161643,24332,2.444227918835736,26180,8530,0.0,0.0,0.0,2020-08-19T16:00:00Z
3020,59.6893,-176.7054,4.561767578125,2.6914800861047183,24331,2.445783894623048,26178,8530,0.0,0.0,0.0,2020-08-19T17:00:00Z
3020,59.6893,-176.7054,4.55352783203125,2.692306687171822,24330,2.44656193255571,26177,8530,0.0,0.0,0.0,2020-08-19T18:00:00Z
3020,59.6893,-176.7054,4.54681396484375,2.686521280189538,24337,2.4411163674977274,26184,8530,0.0,0.0,0.0,2020-08-19T19:00:00Z
3020,59.6893,-176.7054,4.5404052734375,2.6650489632447147,24363,2.418573564591952,26213,8530,0.0,0.0,0.0,2020-08-19T20:00:00Z
3020,59.6893,-176.7054,4.53460693359375,2.6295934254333133,24406,2.3813227820992893,26261,8530,0.0,0.0,0.0,2020-08-19T21:00:00Z
3020,59.6893,-176.7054,4.53338623046875,2.5351138512701255,24521,2.2900718647078975,26379,8530,0.0,0.0,0.0,2020-08-19T22:00:00Z
3020,59.6893,-176.7054,4.53399658203125,2.5974966462716793,24445,2.35111275040407,26300,8530,0.0,0.0,1.0,2020-08-19T23:00:00Z
3020,59.6893,-176.7054,4.53765869140625,2.6172417035874673,24421,2.3720220270855066,26273,8530,0.0,0.0,0.0,2020-08-20T00:00:00Z
3020,59.6893,-176.7054,4.54345703125,2.640305143862406,24393,2.3945070208445145,26244,8530,0.0,0.0,0.0,2020-08-20T01:00:00Z
3020,59.6893,-176.7054,4.5501708984375,2.6576222288626923,24372,2.4115832137891857,26222,8530,0.0,0.0,1.0,2020-08-20T02:00:00Z
3020,59.6893,-176.7054,4.5562744140625,2.648549287447281,24383,2.402266934095394,26234,8530,0.0,0.0,1.0,2020-08-20T03:00:00Z
3020,59.6893,-176.7054,4.56207275390625,2.620534663462081,24417,2.3735718217577073,26271,8530,0.0,0.0,0.0,2020-08-20T04:00:00Z
3020,59.6893,-176.7054,4.5654296875,2.6090119512135175,24431,2.362726039021595,26285,8530,0.0,0.0,0.0,2020-08-20T05:00:00Z
3020,59.6893,-176.7054,4.56695556640625,2.6065437626025414,24434,2.3604027862981525,26288,8530,0.0,0.0,0.0,2020-08-20T06:00:00Z
3020,59.6893,-176.7054,4.56695556640625,2.6090119512135175,24431,2.362726039021595,26285,8530,0.0,0.0,0.0,2020-08-20T07:00:00Z
3020,59.6893,-176.7054,4.56573486328125,2.612303398470033,24427,2.365824172334726,26281,8530,0.0,0.0,0.0,2020-08-20T08:00:00Z
3020,59.6893,-176.7054,4.56451416015625,2.613126354789756,24426,2.3665987883621256,26280,8530,0.0,0.0,0.0,2020-08-20T09:00:00Z
3020,59.6893,-176.7054,4.56390380859375,2.614772380859165,24424,2.3681481196748564,26278,8530,0.0,0.0,0.0,2020-08-20T10:00:00Z
3020,59.6893,-176.7054,4.56298828125,2.630417176432104,24405,2.3836487162324715,26258,8530,0.0,0.0,0.0,2020-08-20T11:00:00Z
3020,59.6893,-176.7054,4.56390380859375,2.641129387535784,24392,2.3945070208445145,26244,8530,0.0,0.0,0.0,2020-08-20T12:00:00Z
3020,59.6893,-176.7054,4.56634521484375,2.64607564603682,24386,2.3999386115509083,26237,8530,0.0,0.0,0.0,2020-08-20T13:00:00Z
3020,59.6893,-176.7054,4.56939697265625,2.643602346096145,24389,2.3976105878123803,26240,8530,0.0,0.0,0.0,2020-08-20T14:00:00Z
3020,59.6893,-176.7054,4.5703125,2.6353604779826014,24399,2.389077056046176,26251,8530,0.0,0.0,0.0,2020-08-20T15:00:00Z
3020,59.6893,-176.7054,4.56878662109375,2.6271223996730555,24409,2.3805475369972555,26262,8530,0.0,0.0,0.0,2020-08-20T16:00:00Z
3020,59.6893,-176.7054,4.5660400390625,2.620534663462081,24417,2.3743467687561974,26270,8530,0.0,0.0,0.0,2020-08-20T17:00:00Z
3020,59.6893,-176.7054,4.55902099609375,2.6164185581903894,24422,2.3696975833491365,26276,8530,0.0,0.0,0.0,2020-08-20T18:00:00Z
3020,59.6893,-176.7054,4.5538330078125,2.6164185581903894,24422,2.3696975833491365,26276,8530,0.0,0.0,0.0,2020-08-20T19:00:00Z
3020,59.6893,-176.7054,4.54559326171875,2.6164185581903894,24422,2.3696975833491365,26276,8530,0.0,0.0,0.0,2020-08-20T20:00:00Z
3020,59.6893,-176.7054,4.54010009765625,2.618888107860869,24419,2.372796907868292,26272,8530,0.0,0.0,0.0,2020-08-20T21:00:00Z
3020,59.6893,-176.7054,4.53582763671875,2.6197113667439,24418,2.3735718217577073,26271,8530,0.0,0.0,0.0,2020-08-20T22:00:00Z
3020,59.6893,-176.7054,4.5343017578125,2.622181370417536,24415,2.3758967620915428,26268,8530,0.0,0.0,0.0,2020-08-20T23:00:00Z
3020,59.6893,-176.7054,4.53643798828125,2.6254752384965627,24411,2.3789971461905566,26264,8530,0.0,0.0,0.0,2020-08-21T00:00:00Z
3020,59.6893,-176.7054,4.541015625,2.630417176432104,24405,2.3836487162324715,26258,8530,0.0,0.0,1.0,2020-08-21T01:00:00Z
3020,59.6893,-176.7054,4.547119140625,2.595852206859604,24447,2.3487909848188906,26303,8530,0.0,0.0,1.0,2020-08-21T02:00:00Z
3020,59.6893,-176.7054,4.55535888671875,2.552329486725,24500,2.3062778809625115,26358,8530,0.0,0.0,0.0,2020-08-21T03:00:00Z
3020,59.6893,-176.7054,4.56024169921875,2.552329486725,24500,2.304733826570782,26360,8530,0.0,0.0,0.0,2020-08-21T04:00:00Z
3020,59.6893,-176.7054,4.56512451171875,2.549049041747253,24504,2.302417991512641,26363,8530,0.0,0.0,0.0,2020-08-21T05:00:00Z
3020,59.6893,-176.7054,4.566650390625,2.5220082775130663,24537,2.275421751250974,26398,8530,0.0,0.0,0.0,2020-08-21T06:00:00Z
3020,59.6893,-176.7054,4.56573486328125,2.5105487644769937,24551,2.2630939901566762,26414,8530,0.0,0.0,0.0,2020-08-21T07:00:00Z
3020,59.6893,-176.7054,4.564208984375,2.52937898236587,24528,2.281588777113825,26390,8530,0.0,0.0,0.0,2020-08-21T08:00:00Z
3020,59.6893,-176.7054,4.561767578125,2.574488222189416,24473,2.3263625629522267,26332,8530,0.0,0.0,0.0,2020-08-21T09:00:00Z
3020,59.6893,-176.7054,4.55841064453125,2.6057211086349525,24435,2.3588541164716617,26290,8530,0.0,0.0,0.0,2020-08-21T10:00:00Z
3020,59.6893,-176.7054,4.556884765625,2.5827021238729913,24463,2.3356399250312734,26320,8530,0.0,0.0,0.0,2020-08-21T11:00:00Z
3020,59.6893,-176.7054,4.55810546875,2.5794161111375615,24467,2.332546943584589,26324,8530,0.0,0.0,0.0,2020-08-21T12:00:00Z
3020,59.6893,-176.7054,4.5587158203125,2.585988739602783,24459,2.338733434126027,26316,8530,0.0,0.0,0.0,2020-08-21T13:00:00Z
3020,59.6893,-176.7054,4.56146240234375,2.5785947021469156,24468,2.33177378064795,26325,8530,0.0,0.0,0.0,2020-08-21T14:00:00Z
3020,59.6893,-176.7054,4.56512451171875,2.5703826835908217,24478,2.3240439638972816,26335,8530,0.0,0.0,0.0,2020-08-21T15:00:00Z
3020,59.6893,-176.7054,4.56756591796875,2.563815778837011,24486,2.316317440946534,26345,8530,0.0,0.0,0.0,2020-08-21T16:00:00Z
3020,59.6893,-176.7054,4.56756591796875,2.549049041747253,24504,2.301646112223807,26364,8530,0.0,0.0,0.0,2020-08-21T17:00:00Z
3020,59.6893,-176.7054,4.56573486328125,2.5301981369019586,24527,2.2831308614458408,26388,8530,0.0,0.0,0.0,2020-08-21T18:00:00Z
3020,59.6893,-176.7054,4.55963134765625,2.5089122897936136,24553,2.26155360935428,26416,8530,0.0,0.0,0.0,2020-08-21T19:00:00Z
3020,59.6893,-176.7054,4.554443359375,2.5031858061265098,24560,2.256163307188217,26423,8530,0.0,0.0,0.0,2020-08-21T20:00:00Z
3020,59.6893,-176.7054,4.54803466796875,2.5130037570100967,24548,2.265404806830304,26411,8530,0.0,0.0,0.0,2020-08-21T21:00:00Z
3020,59.6893,-176.7054,4.54193115234375,2.5285598653044303,24529,2.281588777113825,26390,8530,0.0,0.0,0.0,2020-08-21T22:00:00Z
3020,59.6893,-176.7054,4.5391845703125,2.542489954124619,24512,2.2954722606811515,26372,8530,0.0,0.0,0.0,2020-08-21T23:00:00Z
3020,59.6893,-176.7054,4.539794921875,2.5465891023313816,24507,2.299330671511882,26367,8530,0.0,0.0,1.0,2020-08-22T00:00:00Z
3020,59.6893,-176.7054,4.54315185546875,2.545769197616778,24508,2.298558923650603,26368,8530,0.0,0.0,1.0,2020-08-22T01:00:00Z
3020,59.6893,-176.7054,4.5477294921875,2.536752722671565,24519,2.289300510874341,26380,8530,0.0,0.0,0.0,2020-08-22T02:00:00Z
3020,59.6893,-176.7054,4.55474853515625,2.5228270948937848,24536,2.275421751250974,26398,8530,0.0,0.0,0.0,2020-08-22T03:00:00Z
3020,59.6893,-176.7054,4.56024169921875,2.5040037630834604,24559,2.256163307188217,26423,8530,0.0,0.0,0.0,2020-08-22T04:00:00Z
3020,59.6893,-176.7054,4.56634521484375,2.4794812975217724,24589,2.231542319912819,26455,8530,0.0,0.0,0.0,2020-08-22T05:00:00Z
3020,59.6893,-176.7054,4.56878662109375,2.498278849057783,24566,2.2500049240869657,26431,8530,0.0,0.0,0.0,2020-08-22T06:00:00Z
3020,59.6893,-176.7054,4.569091796875,2.5031858061265098,24560,2.253083854084082,26427,8530,0.0,0.0,0.0,2020-08-22T07:00:00Z
3020,59.6893,-176.7054,4.56634521484375,2.612303398470033,24427,2.3573055788779698,26292,8530,0.0,0.0,0.0,2020-08-22T08:00:00Z
3020,59.6893,-176.7054,4.5623779296875,2.655972261392492,24374,2.408477255596779,26226,8530,0.0,0.0,0.0,2020-08-22T09:00:00Z
3020,59.6893,-176.7054,4.55810546875,2.5720247860933796,24476,2.3255896636581497,26333,8530,0.0,0.0,0.0,2020-08-22T10:00:00Z
3020,59.6893,-176.7054,4.55291748046875,2.5244648420045337,24534,2.277734140096186,26395,8530,0.0,0.0,0.0,2020-08-22T11:00:00Z
3020,59.6893,-176.7054,4.54986572265625,2.5031858061265098,24560,2.2553933948616987,26424,8530,0.0,0.0,1.0,2020-08-22T12:00:00Z
3020,59.6893,-176.7054,4.55047607421875,2.517914752226261,24542,2.270797858299545,26404,8530,0.0,0.0,1.0,2020-08-22T13:00:00Z
3020,59.6893,-176.7054,4.55291748046875,2.5326558253912026,24524,2.2854442339295815,26385,8530,0.0,0.0,0.0,2020-08-22T14:00:00Z
3020,59.6893,-176.7054,4.556884765625,2.5342944718173044,24522,2.2869866462734763,26383,8530,0.0,0.0,0.0,2020-08-22T15:00:00Z
3020,59.6893,-176.7054,4.5611572265625,2.523645949723175,24535,2.2761925147584066,26397,8530,0.0,0.0,0.0,2020-08-22T16:00:00Z
3020,59.6893,-176.7054,4.5648193359375,2.506457858211604,24556,2.258473240406772,26420,8530,0.0,0.0,0.0,2020-08-22T17:00:00Z
3020,59.6893,-176.7054,4.5660400390625,2.4901035750395977,24576,2.242309886580756,26441,8530,0.0,0.0,0.0,2020-08-22T18:00:00Z
3020,59.6893,-176.7054,4.56390380859375,2.4835660429476434,24584,2.236156208029172,26449,8530,0.0,0.0,0.0,2020-08-22T19:00:00Z
3020,59.6893,-176.7054,4.559326171875,2.5170961594695314,24543,2.270797858299545,26404,8530,0.0,0.0,0.0,2020-08-22T20:00:00Z
3020,59.6893,-176.7054,4.5556640625,2.549049041747253,24504,2.300874265795869,26365,8530,0.0,0.0,0.0,2020-08-22T21:00:00Z
3020,59.6893,-176.7054,4.55108642578125,2.634536499665103,24400,2.3836487162324715,26258,8530,0.0,0.0,0.0,2020-08-22T22:00:00Z
3020,59.6893,-176.7054,4.5458984375,2.70305597184921,24317,2.4582365066276566,26162,8530,0.0,0.0,0.0,2020-08-22T23:00:00Z
3020,59.6893,-176.7054,4.54376220703125,2.5851670291281152,24460,2.3395068938647228,26315,8530,0.0,0.0,0.0,2020-08-23T00:00:00Z
3020,59.6893,-176.7054,4.544677734375,2.495008291415502,24570,2.2469265170281574,26435,8530,0.0,0.0,0.0,2020-08-23T01:00:00Z
3020,59.6893,-176.7054,4.54864501953125,2.5031858061265098,24560,2.2553933948616987,26424,8530,0.0,0.0,0.0,2020-08-23T02:00:00Z
3020,59.6893,-176.7054,4.55474853515625,2.5023678865402985,24561,2.254623515237313,26425,8530,0.0,0.0,0.0,2020-08-23T03:00:00Z
3020,59.6893,-176.7054,4.56024169921875,2.493373236637865,24572,2.2453875095479248,26437,8530,0.0,0.0,1.0,2020-08-23T04:00:00Z
3020,59.6893,-176.7054,4.5672607421875,2.481115083838631,24587,2.2330801521082435,26453,8530,0.0,0.0,0.0,2020-08-23T05:00:00Z
3020,59.6893,-176.7054,4.57061767578125,2.4762141721860758,24593,2.2284670469472303,26459,8530,0.0,0.0,0.0,2020-08-23T06:00:00Z
3020,59.6893,-176.7054,4.57122802734375,2.4729476430752015,24597,2.225392295741756,26463,8530,0.0,0.0,0.0,2020-08-23T07:00:00Z
3020,59.6893,-176.7054,4.56878662109375,2.463967760619653,24608,2.2169394188809974,26474,8530,0.0,0.0,0.0,2020-08-23T08:00:00Z
3020,59.6893,-176.7054,4.56451416015625,2.5138221626694985,24547,2.2607834680392784,26417,8530,0.0,0.0,0.0,2020-08-23T09:00:00Z
3020,59.6893,-176.7054,4.5587158203125,2.7345139723617535,24279,2.480828669546497,26133,8530,0.0,0.0,0.0,2020-08-23T10:00:00Z
3020,59.6893,-176.7054,4.55352783203125,2.782635499964954,24221,2.530786975802016,26069,8530,0.0,0.0,0.0,2020-08-23T11:00:00Z
3020,59.6893,-176.7054,4.5489501953125,2.763537368190896,24244,2.5175033838764307,26086,8530,0.0,0.0,0.0,2020-08-23T12:00:00Z
3020,59.6893,-176.7054,4.54498291015625,2.523645949723175,24535,2.277734140096186,26395,8530,0.0,0.0,0.0,2020-08-23T13:00:00Z
3020,59.6893,-176.7054,4.54620361328125,2.4999143519739846,24564,2.2523140725501207,26428,8530,0.0,0.0,1.0,2020-08-23T14:00:00Z
3020,59.6893,-176.7054,4.54803466796875,2.5138221626694985,24547,2.2661751445241975,26410,8530,0.0,0.0,1.0,2020-08-23T15:00:00Z
3020,59.6893,-176.7054,4.55291748046875,2.5072759646841973,24555,2.260013359444656,26418,8530,0.0,0.0,1.0,2020-08-23T16:00:00Z
3020,59.6893,-176.7054,4.5574951171875,2.4884689681674104,24578,2.2407712710515852,26443,8530,0.0,0.0,1.0,2020-08-23T17:00:00Z
3020,59.6893,-176.7054,4.5623779296875,2.470498137390507,24600,2.222318066128423,26467,8530,0.0,0.0,1.0,2020-08-23T18:00:00Z
3020,59.6893,-176.7054,4.5635986328125,2.458255634825548,24615,2.2100263602387145,26483,8530,0.0,0.0,0.0,2020-08-23T19:00:00Z
3020,59.6893,-176.7054,4.5635986328125,2.4452061890606274,24631,2.1962081499875694,26501,8530,0.0,0.0,0.0,2020-08-23T20:00:00Z
3020,59.6893,-176.7054,4.56146240234375,2.428093218972492,24652,2.18086693238439,26521,8530,0.0,0.0,0.0,2020-08-23T21:00:00Z
3020,59.6893,-176.7054,4.55780029296875,2.4313515708865907,24648,2.1824004697398323,26519,8530,0.0,0.0,0.0,2020-08-23T22:00:00Z
3020,59.6893,-176.7054,4.554443359375,2.4590715411909514,24614,2.210794347642434,26482,8530,0.0,0.0,0.0,2020-08-23T23:00:00Z
3020,59.6893,-176.7054,4.55169677734375,2.537572214626721,24518,2.2869866462734763,26383,8530,0.0,0.0,0.0,2020-08-24T00:00:00Z
3020,59.6893,-176.7054,4.54986572265625,2.6683507223903007,24359,2.427898224117598,26201,8530,0.0,0.0,0.0,2020-08-24T01:00:00Z
3020,59.6893,-176.7054,4.552001953125,2.6098347563308266,24430,2.362726039021595,26285,8530,0.0,0.0,0.0,2020-08-24T02:00:00Z
3020,59.6893,-176.7054,4.5556640625,2.472131103933407,24598,2.224623689445764,26464,8530,0.0,0.0,0.0,2020-08-24T03:00:00Z
3020,59.6893,-176.7054,4.561767578125,2.481115083838631,24587,2.2323112196989996,26454,8530,0.0,0.0,0.0,2020-08-24T04:00:00Z
3020,59.6893,-176.7054,4.56756591796875,2.481115083838631,24587,2.2330801521082435,26453,8530,0.0,0.0,0.0,2020-08-24T05:00:00Z
3020,59.6893,-176.7054,4.57183837890625,2.4729476430752015,24597,2.224623689445764,26464,8530,0.0,0.0,0.0,2020-08-24T06:00:00Z
3020,59.6893,-176.7054,4.5745849609375,2.4517297225857533,24623,2.2038836324843487,26491,8530,0.0,0.0,0.0,2020-08-24T07:00:00Z
3020,59.6893,-176.7054,4.57275390625,2.5761307011864005,24471,2.328681458521146,26329,8530,0.0,0.0,0.0,2020-08-24T08:00:00Z
3020,59.6893,-176.7054,4.5703125,2.7146393390692083,24303,2.4675815768555367,26150,8530,0.0,0.0,0.0,2020-08-24T09:00:00Z
3020,59.6893,-176.7054,4.56268310546875,2.772668719314595,24233,2.5221906005655796,26080,8530,0.0,0.0,0.0,2020-08-24T10:00:00Z
3020,59.6893,-176.7054,4.5556640625,2.8517244779926614,24138,2.608338062337225,25970,8530,0.0,0.0,0.0,2020-08-24T11:00:00Z
3020,59.6893,-176.7054,4.54864501953125,2.858397740116118,24130,2.6130487897048624,25964,8530,0.0,0.0,0.0,2020-08-24T12:00:00Z
3020,59.6893,-176.7054,4.54315185546875,2.825056228833205,24170,2.580099329796326,26006,8530,0.0,0.0,1.0,2020-08-24T13:00:00Z
3020,59.6893,-176.7054,4.54010009765625,2.7610478066284827,24247,2.5159412472343092,26088,8530,0.0,0.0,0.0,2020-08-24T14:00:00Z
3020,59.6893,-176.7054,4.54071044921875,2.6287697123094063,24407,2.385199504704019,26256,8530,0.0,0.0,0.0,2020-08-24T15:00:00Z
3020,59.6893,-176.7054,4.5440673828125,2.4966434955468912,24568,2.249235273303384,26432,8530,0.0,0.0,1.0,2020-08-24T16:00:00Z
3020,59.6893,-176.7054,4.55047607421875,2.493373236637865,24572,2.2469265170281574,26435,8530,0.0,0.0,1.0,2020-08-24T17:00:00Z
3020,59.6893,-176.7054,4.5556640625,2.481115083838631,24587,2.2338491171432224,26452,8530,0.0,0.0,0.0,2020-08-24T18:00:00Z
3020,59.6893,-176.7054,4.560546875,2.4656001314538116,24606,2.2177076993262403,26473,8530,0.0,0.0,0.0,2020-08-24T19:00:00Z
3020,59.6893,-176.7054,4.56390380859375,2.4500986162641993,24625,2.2031159379101837,26492,8530,0.0,0.0,1.0,2020-08-24T20:00:00Z
3020,59.6893,-176.7054,4.564208984375,2.436240211436825,24642,2.188535917491322,26511,8530,0.0,0.0,0.0,2020-08-24T21:00:00Z
3020,59.6893,-176.7054,4.5635986328125,2.4354253452644343,24643,2.1870018607622796,26513,8530,0.0,0.0,0.0,2020-08-24T22:00:00Z
3020,59.6893,-176.7054,4.56024169921875,2.512185388760372,24549,2.265404806830304,26411,8530,0.0,0.0,0.0,2020-08-24T23:00:00Z
3020,59.6893,-176.7054,4.55841064453125,2.6518480073244746,24379,2.3999386115509083,26237,8530,0.0,0.0,0.0,2020-08-25T00:00:00Z
3020,59.6893,-176.7054,4.55657958984375,2.7113290416268114,24307,2.4629084401798877,26156,8530,0.0,0.0,0.0,2020-08-25T01:00:00Z
3020,59.6893,-176.7054,4.55657958984375,2.751922370795853,24258,2.505790634660741,26101,8530,0.0,0.0,0.0,2020-08-25T02:00:00Z
3020,59.6893,-176.7054,4.55718994140625,2.780973985076571,24223,2.536259516640598,26062,8530,0.0,0.0,0.0,2020-08-25T03:00:00Z
3020,59.6893,-176.7054,4.56268310546875,2.81090483339176,24187,2.565996414034828,26024,8530,0.0,0.0,0.0,2020-08-25T04:00:00Z
3020,59.6893,-176.7054,4.56695556640625,2.820892894441954,24175,2.5769644017852897,26010,8530,0.0,0.0,0.0,2020-08-25T05:00:00Z
3020,59.6893,-176.7054,4.57183837890625,2.791776584883337,24210,2.545644854971613,26050,8530,0.0,0.0,0.0,2020-08-25T06:00:00Z
3020,59.6893,-176.7054,4.5758056640625,2.7577289288790325,24251,2.5128173771995534,26092,8530,0.0,0.0,0.0,2020-08-25T07:00:00Z
3020,59.6893,-176.7054,4.57763671875,2.7345139723617535,24279,2.4894054732683912,26122,8530,0.0,0.0,0.0,2020-08-25T08:00:00Z
3020,59.6893,-176.7054,4.57550048828125,2.702228874866023,24318,2.459793684167664,26160,8530,0.0,0.0,0.0,2020-08-25T09:00:00Z
3020,59.6893,-176.7054,4.56939697265625,2.6807377403031296,24344,2.435672436295704,26191,8530,0.0,0.0,0.0,2020-08-25T10:00:00Z
3020,59.6893,-176.7054,4.5611572265625,2.763537368190896,24244,2.512036493685173,26093,8530,0.0,0.0,0.0,2020-08-25T11:00:00Z
3020,59.6893,-176.7054,4.55322265625,2.86090085357921,24127,2.6146193037217245,25962,8530,0.0,0.0,0.0,2020-08-25T12:00:00Z
3020,59.6893,-176.7054,4.54559326171875,2.8876224849179835,24095,2.643698334620126,25925,8530,0.0,0.0,0.0,2020-08-25T13:00:00Z
3020,59.6893,-176.7054,4.54071044921875,2.891801337410925,24090,2.6476315063213747,25920,8530,0.0,0.0,0.0,2020-08-25T14:00:00Z
3020,59.6893,-176.7054,4.53765869140625,2.875926873440278,24109,2.631903926778193,25940,8530,0.0,0.0,0.0,2020-08-25T15:00:00Z
3020,59.6893,-176.7054,4.5379638671875,2.8600664436154943,24128,2.616189953556159,25960,8530,0.0,0.0,1.0,2020-08-25T16:00:00Z
3020,59.6893,-176.7054,4.541015625,2.81090483339176,24187,2.566779622056515,26023,8530,0.0,0.0,1.0,2020-08-25T17:00:00Z
3020,59.6893,-176.7054,4.547119140625,2.725402029917859,24290,2.483167395887847,26130,8530,0.0,0.0,1.0,2020-08-25T18:00:00Z
3020,59.6893,-176.7054,4.5538330078125,2.540030915548755,24515,2.299330671511882,26367,8530,0.0,0.0,1.0,2020-08-25T19:00:00Z
3020,59.6893,-176.7054,4.5599365234375,2.4598874847526986,24613,2.213098505162179,26479,8530,0.0,0.0,0.0,2020-08-25T20:00:00Z
3020,59.6893,-176.7054,4.56390380859375,2.4427604769152254,24634,2.1962081499875694,26501,8530,0.0,0.0,0.0,2020-08-25T21:00:00Z
3020,59.6893,-176.7054,4.56573486328125,2.4321662515750404,24647,2.185467933907944,26515,8530,0.0,0.0,0.0,2020-08-25T22:00:00Z
3020,59.6893,-176.7054,4.56512451171875,2.4305369272854023,24649,2.1824004697398323,26519,8530,0.0,0.0,0.0,2020-08-25T23:00:00Z
3020,59.6893,-176.7054,4.56298828125,2.4337957242261723,24645,2.185467933907944,26515,8530,0.0,0.0,0.0,2020-08-26T00:00:00Z
3020,59.6893,-176.7054,4.561767578125,2.434610516195278,24644,2.1862348811019956,26514,8530,0.0,0.0,0.0,2020-08-26T01:00:00Z
3020,59.6893,-176.7054,4.560546875,2.4411301878173504,24636,2.1931388671353034,26505,8530,0.0,0.0,0.0,2020-08-26T02:00:00Z
3020,59.6893,-176.7054,4.560546875,2.4566239336710396,24617,2.2077225932997067,26486,8530,0.0,0.0,0.0,2020-08-26T03:00:00Z
3020,59.6893,-176.7054,4.56207275390625,2.4802981720401363,24588,2.2323112196989996,26454,8530,0.0,0.0,0.0,2020-08-26T04:00:00Z
3020,59.6893,-176.7054,4.56787109375,2.4794812975217724,24589,2.231542319912819,26455,8530,0.0,0.0,0.0,2020-08-26T05:00:00Z
3020,59.6893,-176.7054,4.57122802734375,2.4852002021472686,24582,2.237694431796797,26447,8530,0.0,0.0,0.0,2020-08-26T06:00:00Z
3020,59.6893,-176.7054,4.5758056640625,2.481115083838631,24587,2.2330801521082435,26453,8530,0.0,0.0,0.0,2020-08-26T07:00:00Z
3020,59.6893,-176.7054,4.57763671875,2.4598874847526986,24613,2.212330420101523,26480,8530,0.0,0.0,0.0,2020-08-26T08:00:00Z
3020,59.6893,-176.7054,4.57672119140625,2.4615194834781846,24611,2.2138666227803014,26478,8530,0.0,0.0,0.0,2020-08-26T09:00:00Z
3020,59.6893,-176.7054,4.57275390625,2.463967760619653,24608,2.213098505162179,26479,8530,0.0,0.0,0.0,2020-08-26T10:00:00Z
3020,59.6893,-176.7054,4.566650390625,2.5761307011864005,24471,2.3279084603810247,26330,8530,0.0,0.0,0.0,2020-08-26T11:00:00Z
3020,59.6893,-176.7054,4.5587158203125,2.6164185581903894,24422,2.368922834965474,26277,8530,0.0,0.0,0.0,2020-08-26T12:00:00Z
3020,59.6893,-176.7054,4.55047607421875,2.6353604779826014,24399,2.3898526657927164,26250,8530,0.0,0.0,0.0,2020-08-26T13:00:00Z
3020,59.6893,-176.7054,4.54315185546875,2.64607564603682,24386,2.3991625704410353,26238,8530,0.0,0.0,0.0,2020-08-26T14:00:00Z
3020,59.6893,-176.7054,4.53704833984375,2.6576222288626923,24372,2.4108066743860945,26223,8530,0.0,0.0,0.0,2020-08-26T15:00:00Z
3020,59.6893,-176.7054,4.534912109375,2.6312409653090754,24404,2.385199504704019,26256,8530,0.0,0.0,1.0,2020-08-26T16:00:00Z
3020,59.6893,-176.7054,4.53521728515625,2.6312409653090754,24404,2.384424093894836,26257,8530,0.0,0.0,1.0,2020-08-26T17:00:00Z
3020,59.6893,-176.7054,4.5391845703125,2.6633983117898197,24365,2.4177967259213915,26214,8530,0.0,0.0,1.0,2020-08-26T18:00:00Z
3020,59.6893,-176.7054,4.5452880859375,2.6024308705236763,24439,2.3549830203773467,26295,8530,0.0,0.0,1.0,2020-08-26T19:00:00Z
3020,59.6893,-176.7054,4.55230712890625,2.5252837717410443,24533,2.277734140096186,26395,8530,0.0,0.0,0.0,2020-08-26T20:00:00Z
3020,59.6893,-176.7054,4.5574951171875,2.477847660312875,24591,2.229235816267078,26458,8530,0.0,0.0,0.0,2020-08-26T21:00:00Z
3020,59.6893,-176.7054,4.5623779296875,2.4607034655140865,24612,2.213098505162179,26479,8530,0.0,0.0,0.0,2020-08-26T22:00:00Z
3020,59.6893,-176.7054,4.56512451171875,2.4500986162641993,24625,2.2023482758594923,26493,8530,0.0,0.0,0.0,2020-08-26T23:00:00Z
3020,59.6893,-176.7054,4.5654296875,2.438685032604951,24639,2.19083724614552,26508,8530,0.0,0.0,0.0,2020-08-27T00:00:00Z
3020,59.6893,-176.7054,4.56512451171875,2.438685032604951,24639,2.1900701041158754,26509,8530,0.0,0.0,0.0,2020-08-27T01:00:00Z
3020,59.6893,-176.7054,4.56451416015625,2.436240211436825,24642,2.1877688728911266,26512,8530,0.0,0.0,0.0,2020-08-27T02:00:00Z
3020,59.6893,-176.7054,4.56390380859375,2.436240211436825,24642,2.1877688728911266,26512,8530,0.0,0.0,0.0,2020-08-27T03:00:00Z
3020,59.6893,-176.7054,4.5635986328125,2.438685032604951,24639,2.1900701041158754,26509,8530,0.0,0.0,0.0,2020-08-27T04:00:00Z
3020,59.6893,-176.7054,4.5660400390625,2.448467658586651,24627,2.200045484822624,26496,8530,0.0,0.0,0.0,2020-08-27T05:00:00Z
3020,59.6893,-176.7054,4.569091796875,2.4615194834781846,24611,2.213098505162179,26479,8530,0.0,0.0,0.0,2020-08-27T06:00:00Z
3020,59.6893,-176.7054,4.57275390625,2.468048966878996,24603,2.2192443579392034,26471,8530,0.0,0.0,0.0,2020-08-27T07:00:00Z
3020,59.6893,-176.7054,4.57611083984375,2.468048966878996,24603,2.22001273611221,26470,8530,0.0,0.0,0.0,2020-08-27T08:00:00Z
3020,59.6893,-176.7054,4.57794189453125,2.468048966878996,24603,2.2192443579392034,26471,8530,0.0,0.0,0.0,2020-08-27T09:00:00Z
3020,59.6893,-176.7054,4.576416015625,2.4566239336710396,24617,2.2092584053821724,26484,8530,0.0,0.0,0.0,2020-08-27T10:00:00Z
3020,59.6893,-176.7054,4.571533203125,2.447652235481371,24628,2.19927795283985,26497,8530,0.0,0.0,0.0,2020-08-27T11:00:00Z
3020,59.6893,-176.7054,4.564208984375,2.4452061890606274,24631,2.1969755519440923,26500,8530,0.0,0.0,0.0,2020-08-27T12:00:00Z
3020,59.6893,-176.7054,4.556884765625,2.4860173376948183,24581,2.234618114806608,26451,8530,0.0,0.0,0.0,2020-08-27T13:00:00Z
3020,59.6893,-176.7054,4.54864501953125,2.5285598653044303,24529,2.280817784137014,26391,8530,0.0,0.0,0.0,2020-08-27T14:00:00Z
3020,59.6893,-176.7054,4.54193115234375,2.5277407857145704,24530,2.280046823949476,26392,8530,0.0,0.0,0.0,2020-08-27T15:00:00Z
3020,59.6893,-176.7054,4.53704833984375,2.552329486725,24500,2.303961848683457,26361,8530,0.0,0.0,1.0,2020-08-27T16:00:00Z
3020,59.6893,-176.7054,4.53369140625,2.5465891023313816,24507,2.298558923650603,26368,8530,0.0,0.0,1.0,2020-08-27T17:00:00Z
3020,59.6893,-176.7054,4.5343017578125,2.538391744089097,24517,2.2900718647078975,26379,8530,0.0,0.0,1.0,2020-08-27T18:00:00Z
3020,59.6893,-176.7054,4.53857421875,2.642777988649243,24390,2.3945070208445145,26244,8530,0.0,0.0,1.0,2020-08-27T19:00:00Z
3020,59.6893,-176.7054,4.544677734375,2.6848686497519907,24339,2.4380053496636833,26188,8530,0.0,0.0,1.0,2020-08-27T20:00:00Z
3020,59.6893,-176.7054,4.55169677734375,2.639480938107056,24394,2.3937312120637557,26245,8530,0.0,0.0,1.0,2020-08-27T21:00:00Z
3020,59.6893,-176.7054,4.55810546875,2.6073664543526434,24433,2.3596284348544714,26289,8530,0.0,0.0,1.0,2020-08-27T22:00:00Z
3020,59.6893,-176.7054,4.56268310546875,2.5679198121133595,24481,2.3232711634251473,26336,8530,0.0,0.0,0.0,2020-08-27T23:00:00Z
3020,59.6893,-176.7054,4.5660400390625,2.4827490192892014,24585,2.246156996952891,26436,8530,0.0,0.0,0.0,2020-08-28T00:00:00Z
3020,59.6893,-176.7054,4.56756591796875,2.5252837717410443,24533,2.279275896548654,26393,8530,0.0,0.0,0.0,2020-08-28T01:00:00Z
3020,59.6893,-176.7054,4.5672607421875,2.515459086230635,24545,2.2700273241318314,26405,8530,0.0,0.0,0.0,2020-08-28T02:00:00Z
3020,59.6893,-176.7054,4.56695556640625,2.4607034655140865,24612,2.2138666227803014,26478,8530,0.0,0.0,0.0,2020-08-28T03:00:00Z
3020,59.6893,-176.7054,4.5654296875,2.4492831188465516,24626,2.2015806463297736,26494,8530,0.0,0.0,0.0,2020-08-28T04:00:00Z
3020,59.6893,-176.7054,4.5672607421875,2.4549923812634233,24619,2.20695473606861,26487,8530,0.0,0.0,0.0,2020-08-28T05:00:00Z
3020,59.6893,-176.7054,4.56787109375,2.475397484020334,24594,2.2276983102374857,26460,8530,0.0,0.0,0.0,2020-08-28T06:00:00Z
3020,59.6893,-176.7054,4.57000732421875,2.4892862529456465,24577,2.241540562488808,26442,8530,0.0,0.0,0.0,2020-08-28T07:00:00Z
3020,59.6893,-176.7054,4.57427978515625,2.5023678865402985,24561,2.254623515237313,26425,8530,0.0,0.0,0.0,2020-08-28T08:00:00Z
3020,59.6893,-176.7054,4.576416015625,2.504821757414504,24558,2.2569332522195396,26422,8530,0.0,0.0,0.0,2020-08-28T09:00:00Z
3020,59.6893,-176.7054,4.5770263671875,2.5007321594672476,24563,2.2538536683122743,26426,8530,0.0,0.0,0.0,2020-08-28T10:00:00Z
3020,59.6893,-176.7054,4.57489013671875,2.4917383311878325,24574,2.243848632739173,26439,8530,0.0,0.0,0.0,2020-08-28T11:00:00Z
3020,59.6893,-176.7054,4.5703125,2.4770308976158617,24592,2.2284670469472303,26459,8530,0.0,0.0,0.0,2020-08-28T12:00:00Z
3020,59.6893,-176.7054,4.56390380859375,2.4598874847526986,24613,2.211562367595832,26481,8530,0.0,0.0,0.0,2020-08-28T13:00:00Z
3020,59.6893,-176.7054,4.5562744140625,2.4517297225857533,24623,2.2031159379101837,26492,8530,0.0,0.0,0.0,2020-08-28T14:00:00Z
3020,59.6893,-176.7054,4.54864501953125,2.4549923812634233,24619,2.20695473606861,26487,8530,0.0,0.0,0.0,2020-08-28T15:00:00Z
3020,59.6893,-176.7054,4.5416259765625,2.468048966878996,24603,2.22001273611221,26470,8530,0.0,0.0,0.0,2020-08-28T16:00:00Z
3020,59.6893,-176.7054,4.53582763671875,2.5023678865402985,24561,2.254623515237313,26425,8530,0.0,0.0,0.0,2020-08-28T17:00:00Z
3020,59.6893,-176.7054,4.53369140625,2.542489954124619,24512,2.294700677044432,26373,8530,0.0,0.0,0.0,2020-08-28T18:00:00Z
3020,59.6893,-176.7054,4.53521728515625,2.5753094428591794,24472,2.3279084603810247,26330,8530,0.0,0.0,1.0,2020-08-28T19:00:00Z
3020,59.6893,-176.7054,4.53887939453125,2.6419536691302596,24391,2.3952828628069938,26243,8530,0.0,0.0,1.0,2020-08-28T20:00:00Z
3020,59.6893,-176.7054,4.54498291015625,2.6254752384965627,24411,2.3774468878957578,26266,8530,0.0,0.0,1.0,2020-08-28T21:00:00Z
3020,59.6893,-176.7054,4.55169677734375,2.5629950850301384,24487,2.316317440946534,26345,8530,0.0,0.0,1.0,2020-08-28T22:00:00Z
3020,59.6893,-176.7054,4.55841064453125,2.5269217435928795,24531,2.279275896548654,26393,8530,0.0,0.0,1.0,2020-08-28T23:00:00Z
3020,59.6893,-176.7054,4.56329345703125,2.5761307011864005,24471,2.3271354951923513,26331,8530,0.0,0.0,0.0,2020-08-29T00:00:00Z
3020,59.6893,-176.7054,4.56695556640625,2.71712246342463,24300,2.4714767768955426,26145,8530,0.0,0.0,0.0,2020-08-29T01:00:00Z
3020,59.6893,-176.7054,4.56787109375,2.7568993054311477,24252,2.5112556437631497,26094,8530,0.0,0.0,0.0,2020-08-29T02:00:00Z
3020,59.6893,-176.7054,4.56787109375,2.785958991694258,24217,2.5401694846503347,26057,8530,0.0,0.0,0.0,2020-08-29T03:00:00Z
3020,59.6893,-176.7054,4.5684814453125,2.7585585907193035,24250,2.513598294308906,26091,8530,0.0,0.0,0.0,2020-08-29T04:00:00Z
3020,59.6893,-176.7054,4.56787109375,2.6501985714705256,24381,2.4030431080240646,26233,8530,0.0,0.0,0.0,2020-08-29T05:00:00Z
3020,59.6893,-176.7054,4.56756591796875,2.5785947021469156,24468,2.3263625629522267,26332,8530,0.0,0.0,0.0,2020-08-29T06:00:00Z
3020,59.6893,-176.7054,4.57000732421875,2.549049041747253,24504,2.302417991512641,26363,8530,0.0,0.0,0.0,2020-08-29T07:00:00Z
3020,59.6893,-176.7054,4.57183837890625,2.5695616887980464,24479,2.322498395888431,26337,8530,0.0,0.0,0.0,2020-08-29T08:00:00Z
3020,59.6893,-176.7054,4.573974609375,2.5761307011864005,24471,2.329454489615159,26328,8530,0.0,0.0,0.0,2020-08-29T09:00:00Z
3020,59.6893,-176.7054,4.57672119140625,2.5761307011864005,24471,2.328681458521146,26329,8530,0.0,0.0,0.0,2020-08-29T10:00:00Z
3020,59.6893,-176.7054,4.576416015625,2.574488222189416,24473,2.3271354951923513,26331,8530,0.0,0.0,0.0,2020-08-29T11:00:00Z
3020,59.6893,-176.7054,4.5745849609375,2.5703826835908217,24478,2.3232711634251473,26336,8530,0.0,0.0,0.0,2020-08-29T12:00:00Z
3020,59.6893,-176.7054,4.569091796875,2.5613538102386997,24489,2.3147725313780256,26347,8530,0.0,0.0,0.0,2020-08-29T13:00:00Z
3020,59.6893,-176.7054,4.56298828125,2.5646365102556388,24485,2.3170899450965408,26344,8530,0.0,0.0,0.0,2020-08-29T14:00:00Z
3020,59.6893,-176.7054,4.55596923828125,2.565457279289319,24484,2.3186350521413033,26342,8530,0.0,0.0,0.0,2020-08-29T15:00:00Z
3020,59.6893,-176.7054,4.5489501953125,2.5621744288317814,24488,2.3147725313780256,26347,8530,0.0,0.0,0.0,2020-08-29T16:00:00Z
3020,59.6893,-176.7054,4.5416259765625,2.5515093191397114,24501,2.303961848683457,26361,8530,0.0,0.0,0.0,2020-08-29T17:00:00Z
3020,59.6893,-176.7054,4.53704833984375,2.542489954124619,24512,2.294700677044432,26373,8530,0.0,0.0,0.0,2020-08-29T18:00:00Z
3020,59.6893,-176.7054,4.534912109375,2.5359332682204467,24520,2.287757901659745,26382,8530,0.0,0.0,0.0,2020-08-29T19:00:00Z
3020,59.6893,-176.7054,4.5361328125,2.6024308705236763,24439,2.3557571734958174,26294,8530,0.0,0.0,1.0,2020-08-29T20:00:00Z
3020,59.6893,-176.7054,4.5391845703125,2.6972670943658272,24324,2.4504526227186147,26172,8530,0.0,0.0,1.0,2020-08-29T21:00:00Z
3020,59.6893,-176.7054,4.54559326171875,2.674956066369191,24351,2.4294528000831406,26199,8530,0.0,0.0,2.0,2020-08-29T22:00:00Z
3020,59.6893,-176.7054,4.5526123046875,2.5933858307812443,24450,2.3456957596874872,26307,8530,0.0,0.0,2.0,2020-08-29T23:00:00Z
3020,59.6893,-176.7054,4.559326171875,2.5679198121133595,24481,2.3209529596102243,26339,8530,0.0,0.0,1.0,2020-08-30T00:00:00Z
3020,59.6893,-176.7054,4.56390380859375,2.537572214626721,24518,2.2900718647078975,26379,8530,0.0,0.0,1.0,2020-08-30T01:00:00Z
3020,59.6893,-176.7054,4.56817626953125,2.545769197616778,24508,2.298558923650603,26368,8530,0.0,0.0,1.0,2020-08-30T02:00:00Z
3020,59.6893,-176.7054,4.56787109375,2.5621744288317814,24488,2.3155449697079575,26346,8530,0.0,0.0,0.0,2020-08-30T03:00:00Z
3020,59.6893,-176.7054,4.569091796875,2.5802375578022065,24466,2.333320139488592,26323,8530,0.0,0.0,0.0,2020-08-30T04:00:00Z
3020,59.6893,-176.7054,4.56878662109375,2.6741302652059744,24352,2.4271209860830254,26202,8530,0.0,0.0,0.0,2020-08-30T05:00:00Z
3020,59.6893,-176.7054,4.56695556640625,2.8100727460114854,24188,2.5691294488428866,26020,8530,0.0,0.0,0.0,2020-08-30T06:00:00Z
3020,59.6893,-176.7054,4.566650390625,2.8100727460114854,24188,2.5644300993355955,26026,8530,0.0,0.0,0.0,2020-08-30T07:00:00Z
3020,59.6893,-176.7054,4.56817626953125,2.7867899608864377,24216,2.541733707673359,26055,8530,0.0,0.0,0.0,2020-08-30T08:00:00Z
3020,59.6893,-176.7054,4.57000732421875,2.7361711869148166,24277,2.4878457529009097,26124,8530,0.0,0.0,0.0,2020-08-30T09:00:00Z
3020,59.6893,-176.7054,4.57183837890625,2.6584472695773798,24371,2.4115832137891857,26222,8530,0.0,0.0,0.0,2020-08-30T10:00:00Z
3020,59.6893,-176.7054,4.57275390625,2.585988739602783,24459,2.3449220359431138,26308,8530,0.0,0.0,0.0,2020-08-30T11:00:00Z
3020,59.6893,-176.7054,4.57275390625,2.584345356350525,24461,2.336413252831278,26319,8530,0.0,0.0,0.0,2020-08-30T12:00:00Z
3020,59.6893,-176.7054,4.5709228515625,2.644426741474149,24388,2.3976105878123803,26240,8530,0.0,0.0,0.0,2020-08-30T13:00:00Z
3020,59.6893,-176.7054,4.56573486328125,2.6567972261354385,24373,2.4100301682215104,26224,8530,0.0,0.0,0.0,2020-08-30T14:00:00Z
3020,59.6893,-176.7054,4.5599365234375,2.6898269983391856,24333,2.4434499809756858,26181,8530,0.0,0.0,0.0,2020-08-30T15:00:00Z
3020,59.6893,-176.7054,4.5526123046875,2.731200002806588,24283,2.486286166562877,26126,8530,0.0,0.0,0.0,2020-08-30T16:00:00Z
3020,59.6893,-176.7054,4.5465087890625,2.7220897443736476,24294,2.476152120825418,26139,8530,0.0,0.0,0.0,2020-08-30T17:00:00Z
3020,59.6893,-176.7054,4.539794921875,2.6576222288626923,24372,2.4115832137891857,26222,8530,0.0,0.0,0.0,2020-08-30T18:00:00Z
3020,59.6893,-176.7054,4.53521728515625,2.588454097241538,24456,2.3410539123188983,26313,8530,0.0,0.0,0.0,2020-08-30T19:00:00Z
3020,59.6893,-176.7054,4.53216552734375,2.5531496918762286,24499,2.3062778809625115,26358,8530,0.0,0.0,1.0,2020-08-30T20:00:00Z
3020,59.6893,-176.7054,4.5343017578125,2.548229024393379,24505,2.301646112223807,26364,8530,0.0,0.0,1.0,2020-08-30T21:00:00Z
3020,59.6893,-176.7054,4.53887939453125,2.537572214626721,24518,2.2900718647078975,26379,8530,0.0,0.0,2.0,2020-08-30T22:00:00Z
3020,59.6893,-176.7054,4.54437255859375,2.536752722671565,24519,2.289300510874341,26380,8530,0.0,0.0,1.0,2020-08-30T23:00:00Z
3020,59.6893,-176.7054,4.55047607421875,2.5539699345968074,24498,2.307049957472202,26357,8530,0.0,0.0,1.0,2020-08-31T00:00:00Z
3020,59.6893,-176.7054,4.5574951171875,2.567098930214911,24482,2.3201802908634477,26340,8530,0.0,0.0,1.0,2020-08-31T01:00:00Z
3020,59.6893,-176.7054,4.5611572265625,2.5662780859413488,24483,2.3194076550413456,26341,8530,0.0,0.0,0.0,2020-08-31T02:00:00Z
3020,59.6893,-176.7054,4.56573486328125,2.6353604779826014,24399,2.389077056046176,26251,8530,0.0,0.0,0.0,2020-08-31T03:00:00Z
3020,59.6893,-176.7054,4.56756591796875,2.902670911074381,24077,2.638979652453145,25931,8530,0.0,0.0,0.0,2020-08-31T04:00:00Z
3020,59.6893,-176.7054,4.5672607421875,2.9663482068425537,24001,2.719364408296542,25829,8530,0.0,0.0,0.0,2020-08-31T05:00:00Z
3020,59.6893,-176.7054,4.5660400390625,2.962151960963638,24006,2.717784813598769,25831,8530,0.0,0.0,0.0,2020-08-31T06:00:00Z
3020,59.6893,-176.7054,4.56512451171875,2.9495691063773393,24021,2.7051529965331724,25847,8530,0.0,0.0,0.0,2020-08-31T07:00:00Z
3020,59.6893,-176.7054,4.56512451171875,2.947053593689077,24024,2.702785508079728,25850,8530,0.0,0.0,0.0,2020-08-31T08:00:00Z
3020,59.6893,-176.7054,4.5654296875,2.9235924622095695,24052,2.6799156756532625,25879,8530,0.0,0.0,0.0,2020-08-31T09:00:00Z
3020,59.6893,-176.7054,4.56817626953125,2.912710211398519,24065,2.66652259362985,25896,8530,0.0,0.0,0.0,2020-08-31T10:00:00Z
3020,59.6893,-176.7054,4.56787109375,2.885951216411968,24097,2.6413388403145746,25928,8530,0.0,0.0,0.0,2020-08-31T11:00:00Z
3020,59.6893,-176.7054,4.57000732421875,2.830053506152069,24164,2.5871548972709775,25997,8530,0.0,0.0,0.0,2020-08-31T12:00:00Z
3020,59.6893,-176.7054,4.5703125,2.8200603435273592,24176,2.5753971407170866,26012,8530,0.0,0.0,0.0,2020-08-31T13:00:00Z
3020,59.6893,-176.7054,4.56878662109375,2.800090707724735,24200,2.5620808806055493,26029,8530,0.0,0.0,0.0,2020-08-31T14:00:00Z
3020,59.6893,-176.7054,4.56390380859375,2.7951017714572686,24206,2.5487743795825395,26046,8530,0.0,0.0,0.0,2020-08-31T15:00:00Z
3020,59.6893,-176.7054,4.55841064453125,2.7867899608864377,24216,2.542515869728561,26054,8530,0.0,0.0,0.0,2020-08-31T16:00:00Z
3020,59.6893,-176.7054,4.5526123046875,2.7477759804400534,24263,2.506571249513968,26100,8530,0.0,0.0,0.0,2020-08-31T17:00:00Z
3020,59.6893,-176.7054,4.5440673828125,2.717950247994054,24299,2.4753728131870503,26140,8530,0.0,0.0,0.0,2020-08-31T18:00:00Z
3020,59.6893,-176.7054,4.5404052734375,2.6956134727472545,24326,2.4504526227186147,26172,8530,0.0,0.0,0.0,2020-08-31T19:00:00Z
3020,59.6893,-176.7054,4.5361328125,2.708846719701228,24310,2.46368721272637,26155,8530,0.0,0.0,0.0,2020-08-31T20:00:00Z
3020,59.6893,-176.7054,4.53460693359375,2.7577289288790325,24251,2.5128173771995534,26092,8530,0.0,0.0,1.0,2020-08-31T21:00:00Z
3020,59.6893,-176.7054,4.5367431640625,2.807576715491564,24191,2.5628639197434495,26028,8530,0.0,0.0,0.0,2020-08-31T22:00:00Z
3020,59.6893,-176.7054,4.5416259765625,2.8533925607972606,24136,2.6091230987185554,25969,8530,0.0,0.0,1.0,2020-08-31T23:00:00Z
3020,59.6893,-176.7054,4.54681396484375,2.836718709203467,24156,2.592644456755636,25990,8530,0.0,0.0,0.0,2020-09-01T00:00:00Z
3020,59.6893,-176.7054,4.55413818359375,2.8692470885515036,24117,2.6248309563825387,25949,8530,0.0,0.0,0.0,2020-09-01T01:00:00Z
3020,59.6893,-176.7054,4.55963134765625,2.93364347747206,24040,2.686221720329172,25871,8530,0.0,0.0,0.0,2020-09-01T02:00:00Z
3020,59.6893,-176.7054,4.56390380859375,2.9537624111659397,24016,2.7090994962019295,25842,8530,0.0,0.0,0.0,2020-09-01T03:00:00Z
3020,59.6893,-176.7054,4.56756591796875,2.9629911316616244,24005,2.7185745937850356,25830,8530,0.0,0.0,0.0,2020-09-01T04:00:00Z
3020,59.6893,-176.7054,4.56695556640625,2.9537624111659397,24016,2.710678336088165,25840,8530,0.0,0.0,0.0,2020-09-01T05:00:00Z
3020,59.6893,-176.7054,4.56634521484375,2.955440007437005,24014,2.712257313162013,25838,8530,0.0,0.0,0.0,2020-09-01T06:00:00Z
3020,59.6893,-176.7054,4.5660400390625,2.9546011897011795,24015,2.7114678074752305,25839,8531,0.0,0.0,0.0,2020-09-01T07:00:00Z
3020,59.6893,-176.7054,4.5648193359375,2.9478920587445145,24023,2.704363799442035,25848,8530,0.0,0.0,0.0,2020-09-01T08:00:00Z
